PDR00001;TUBE ROND 42X3;UN
PDR00002;MANO DE VITESSE;UN
PDR00003;ECROU GOUJON STD 32X32;UN
PDR00003;ECROU GOUJON STD 32X32;UN
PDR00004;MANETTE BENNE 8X4 ;UN
PDR00006;REVETEMENT DE MONTANT A GAUCHE;UN
PDR00007;RETROVISEUR AV VOLANT A GAUCHE;UN
PDR00008;RETROVISEUR DE TROTTOIR;UN
PDR00009;CAPUCHON DE RETROVISEUR DE TROTTOIR;UN
PDR00010;RETROVISEUR EXTERIEUR GAUCHE;UN
PDR00011;HABILLAGE DU RETROVISEUR;UN
PDR00012;GLACE RETRACTABLE TEINTE;UN
PDR00013;ENSEMBLE DE SERRURE;UN
PDR00014;LEVIER DE CAME AR MAN TGA G;UN
PDR00016;LAME 1 AV MAN TGA 6X4 AVEC SILENT BLOC;UN
PDR00017;LAME 24V/21 ORANGE (SIGNAL);UN
PDR00018;LAMPE NARVA 24V 5W 11X35 NAVETTE;UN
PDR00018;LAMPE NARVA 24V 5W 11X35 NAVETTE;UN
PDR00019;LAMPE NARVA 24V 5W BA15S;UN
PDR00019;LAMPE NARVA 24V 5W BA15S;UN
PDR00020;NARVA H4 24V 100/90W P43T;UN
PDR00020;NARVA H4 24V 100/90W P43T;UN
PDR00022;FILTRE A CARBURANT MAN TGM TGX TGL;UN
PDR00022;FILTRE A CARBURANT MAN TGM TGX TGL;UN
PDR00024;RETROVISEUR EXTERIEUR DROIT;UN
PDR00025;GELISSIERE;UN
PDR00027;GOUTTIERE A GAUCHE;UN
PDR00028;GOUTTIERE A DROITE;UN
PDR00029;SILENT BLOC TENDEUR FRH;UN
PDR00030;LEVIER DE CAME 10/19;UN
PDR00031;LEVIER DE CAME 37/19 DENTS;UN
PDR00033;"COUPLEUR COMPLET 1""";UN
PDR00034;COUPLEUR HP 1/2;UN
PDR00035;COUPLEUR HP 1/4;UN
PDR00036;GOUJON FUWA 99;UN
PDR00037;ACCOUPLEMENT;UN
PDR00038;VALVE DE REGULARISATION;UN
PDR00039;DELETED;UN
PDR00040;BUFFER;UN
PDR00041;FILTRE HYDRAILIQUE XAS77;UN
PDR00042;VENTILATEUR;UN
PDR00042;VENTILATEUR;UN
PDR00043;LEVEL GAUCHE;UN
PDR00044;KIT FILTRE;UN
PDR00045;KIT HUILE SEPARATEUR GA11-22;UN
PDR00046;DELETED;UN
PDR00047;KIT SEPARATEUR HUILE;UN
PDR00048;JEU DE GARNITURE DE FREINS;UN
PDR00049;ARRET D'HUILE 33147;UN
PDR00050;ARRET D HUILE 139X170X11 MOYAU AR TGA;UN
PDR00051;DIAPHRAGME VENTOUZ DE FREIN 20T TGM;UN
PDR00052;DIAPHRAGME DIAM 20 DEEP ESY10067 TGM;UN
PDR00053;COUVERCLE;UN
PDR00056;CARTER DE FILTRE;UN
PDR00057;SELETTE COMPLET;UN
PDR00058;SELETTE D ATTELAGE;UN
PDR00059;KIT REPARATION VALVE DE FREIN REMORQUE;UN
PDR00060;KIT REPARATION APPAREIL DE FREIN;UN
PDR00061;TUBE FILTRE A AIR ARRIERE MAN TGS;UN
PDR00062;CHANGEMENT LES GUIDES CHARIOT;UN
PDR00063;JEU DE PLAQUETTE DE FREIN;UN
PDR00065;COUSSINET DE BIELLE MAN TGS 400;UN
PDR00068;SOUPAPE ADMISSION MAN TGA 400 D120;UN
PDR00069;SOUPAPE ECHAPPEMENT MAN TGA 400 D120;UN
PDR00070;GUIDE AD/ECH MAN TGA;UN
PDR00071;SEGMENT 1 CYL D 120;UN
PDR00072;INTERCOOLER DACIA;UN
PDR00073;POCHETTE RODAGE TGA 400;UN
PDR00074;BLOC VIS;UN
PDR00075;KIT SOUPAPE ASPIRATION ;UN
PDR00076;DOUILLE 1615834501;UN
PDR00077;VALVE;UN
PDR00078;ARREOIR;UN
PDR00079;AMORTISSEUR AR GOUCHE 2T;UN
PDR00079;AMORTISSEUR AR GOUCHE 2T;UN
PDR00080;AMORTISSEUR AR DROIT 1T;UN
PDR00080;AMORTISSEUR AR DROIT 1T;UN
PDR00081;TUBE CARRE 40X40X2;UN
PDR00082;POMPE DE BENNE 4T ENGRENAGE 90 LT;UN
PDR00083;COUSSINET DE PALIER STD MAN;UN
PDR00084;BAGE ARBRE CAME MA;UN
PDR00085;KIT EMBRAYAGE POMPE MAN TGA;UN
PDR00086;MANO RADIATEUR MAN TGA;UN
PDR00086;MANO RADIATEUR MAN TGA;UN
PDR00087;MANOMETRE COMPRESSEUR 350MM 12BAR;UN
PDR00088;REDUCTEUR 1/2 3/4 CUIVRE;UN
PDR00089;REDUCTEUR PRESSION MANO+ROBINET 1/4;UN
PDR00090;COLIER 8-12;UN
PDR00091;PRISE RAPIDE AIR POUR RACCORD 1/4;UN
PDR00092;FILTRE A HUILE MAN TGA/TGX;UN
PDR00093;FILTRE A CARBURANT MAN ;UN
PDR00094;FILTRE A AIR MAN YGA/TGX GM;UN
PDR00095;FILTRE A AIR MAN YGA/TGX PM;UN
PDR00096;CORPS DE POMPE BOITE A VITESSE;UN
PDR00097;KIT GP;UN
PDR00098;JONC D ARRET(CIRCLIPS);UN
PDR00099;BAGUE SYNCHRONISATION ;UN
PDR00100;CORPS D EMBR;UN
PDR00101;DELETED;UN
PDR00102;JOINT CACHE SUPPAPRE;UN
PDR00103;CHANGEMENT MECANISME COMPLET KIENZEL TYPE 1324;UN
PDR00104;MEMELON 1/2 CUIVRE;UN
PDR00105;POMPE A HUILE PNEUMATIQUE 200L;UN
PDR00106;POMPE A GRAISSE PNEUMATIQUE 200KG;UN
PDR00107;REDUCTEUR PRESSION MANO+ROBINET 1/4 F;UN
PDR00108;PRISE RAPIDE AIR POUR RACORD 1/4;UN
PDR00109;RESSORT AR MAN TGA 8X4/6X4;UN
PDR00110;LAME 1 AR PARABOLIQUE MAN TGA AVEC SILENT BLOC;UN
PDR00111;LAME 2 AR PARABOLIQUE MAN TGA;UN
PDR00112;LAME 1 AR REMORQUE FALCON BENNES;UN
PDR00113;BOULON M14*200T(22X12)F110;UN
PDR00114;LEVIER DE CAME AR MAN TGS DROITE;UN
PDR00115;LEVIER DE CAME AR MAN TGS GOUCHE;UN
PDR00116;BOULON M16*230 T(28X14)F120;UN
PDR00117;TOLE RELIA 2000X1000X12MM;UN
PDR00118;CORNIERE 30X30X3  6 M;UN
PDR00119;FER PLAT 20 X 3 X 6 M;UN
PDR00119;FER PLAT 20 X 3 X 6 M;UN
PDR00119;FER PLAT 20 X 3 X 6 M;UN
PDR00120;TOLE NERVESCO PRÉLAQUÉE EP 0.50MM 7M;UN
PDR00120;TOLE NERVESCO PRÉLAQUÉE EP 0.50MM 7M;UN
PDR00121;ACID 60 °C;L
PDR00122;JUPITER 1L;L
PDR00122;JUPITER 1L;L
PDR00122;JUPITER 1L;L
PDR00123;HUILE HM68 208L;BR
PDR00123;HUILE HM68 208L;BR
PDR00123;HUILE HM68 208L;BR
PDR00124;HUILE HM46 208L;BR
PDR00124;HUILE HM46 208L;BR
PDR00125;OXYGENE TECHNIQUE BOUTEILLE 40 KG;UN
PDR00127;PLAQUETTE FREIN AR GDB1699;UN
PDR00128;CHEVILLE MÉTALLIQUE 10X80;UN
PDR00129;CABLE SOUPLE 3X1.5 MM2;M
PDR00130;PISTOLET DE PEINTURE;UN
PDR00130;PISTOLET DE PEINTURE;UN
PDR00131;BROSSE CANTONNIER 50 CM;UN
PDR00132;LANCE DE NETTOYAGE DN 18MM;UN
PDR00132;LANCE DE NETTOYAGE DN 18MM;UN
PDR00133;TUBE CARRE 40X40X3 6M;UN
PDR00133;TUBE CARRE 40X40X3 6M;UN
PDR00133;TUBE CARRE 40X40X3 6M;UN
PDR00134;CORNIERE 50X50X5 6M;UN
PDR00134;CORNIERE 50X50X5 6M;UN
PDR00134;CORNIERE 50X50X5 6M;UN
PDR00135;CORNIERE 40X40x4 6M;UN
PDR00135;CORNIERE 40X40x4 6M;UN
PDR00135;CORNIERE 40X40x4 6M;UN
PDR00136;TIGE FILETEE NOIR DIAM 27;UN
PDR00136;TIGE FILETEE NOIR DIAM 27;UN
PDR00136;TIGE FILETEE NOIR DIAM 27;UN
PDR00137;TOLE GALVANISÉE 5000X1500 12/10;UN
PDR00137;TOLE GALVANISÉE 5000X1500 12/10;UN
PDR00137;TOLE GALVANISÉE 5000X1500 12/10;UN
PDR00138;GUEULLE d'USURE 540 D22 PUT519314;UN
PDR00138;GUEULLE d'USURE 540 D22 PUT519314;UN
PDR00139;GANT DE PROTECTION NYLON;UN
PDR00139;GANT DE PROTECTION NYLON;UN
PDR00139;GANT DE PROTECTION NYLON;UN
PDR00140;ARRET D'HUILE 50X65X8 EN VITON;UN
PDR00140;ARRET D'HUILE 50X65X8 EN VITON;UN
PDR00141;ROULEMENT 6312 2RS1 C3 SKF;UN
PDR00141;ROULEMENT 6312 2RS1 C3 SKF;UN
PDR00141;ROULEMENT 6312 2RS1 C3 SKF;UN
PDR00142;MASQUE RESPIRATOIRE;UN
PDR00142;MASQUE RESPIRATOIRE;UN
PDR00142;MASQUE RESPIRATOIRE;UN
PDR00143;LES LUNETTES TRANSPARENTE;UN
PDR00143;LES LUNETTES TRANSPARENTE;UN
PDR00143;LES LUNETTES TRANSPARENTE;UN
PDR00143;LES LUNETTES TRANSPARENTE;UN
PDR00144;FICHE MAL 220V;UN
PDR00144;FICHE MAL 220V;UN
PDR00144;FICHE MAL 220V;UN
PDR00145;FICHE FEMELLE 220V;UN
PDR00145;FICHE FEMELLE 220V;UN
PDR00145;FICHE FEMELLE 220V;UN
PDR00146;CHEVILLE MÉTALLIQUE 12X120;UN
PDR00147;CACHE POUSSIERE CHARGEUR SD310;UN
PDR00148;CIRCLIPS DE PLAQUETTE FREIN CHARGEUR SD310;UN
PDR00149;ROULEMENT 6008 2RS C3 SKF;UN
PDR00149;ROULEMENT 6008 2RS C3 SKF;UN
PDR00149;ROULEMENT 6008 2RS C3 SKF;UN
PDR00150;ROULEMENT 6008 2Z SKF;UN
PDR00150;ROULEMENT 6008 2Z SKF;UN
PDR00150;ROULEMENT 6008 2Z SKF;UN
PDR00151;ROULEMENT 6011 2RS SKF;UN
PDR00151;ROULEMENT 6011 2RS SKF;UN
PDR00151;ROULEMENT 6011 2RS SKF;UN
PDR00152;ROULEMENT 6205 2RS C3 ;UN
PDR00152;ROULEMENT 6205 2RS C3 ;UN
PDR00152;ROULEMENT 6205 2RS C3 ;UN
PDR00152;ROULEMENT 6205 2RS C3 ;UN
PDR00153;ROULEMENT 6308 2RSC S SKF;UN
PDR00153;ROULEMENT 6308 2RSC S SKF;UN
PDR00153;ROULEMENT 6308 2RSC S SKF;UN
PDR00154;COURROIE TRAPÉZOÏDALE D441;UN
PDR00154;COURROIE TRAPÉZOÏDALE D441;UN
PDR00155;DEGRIPPANT;UN
PDR00155;DEGRIPPANT;UN
PDR00156;COLLIER DE SERRAGE 2,5X200;UN
PDR00157;DISJONCTEUR 4P 63A C A9F74463;UN
PDR00158;BLOC TEMPORISATEUR LADT2;UN
PDR00159;SCOTCH NOIR;UN
PDR00159;SCOTCH NOIR;UN
PDR00159;SCOTCH NOIR;UN
PDR00160;COLLIER DE SERRAGE 7.6X380;UN
PDR00160;COLLIER DE SERRAGE 7.6X380;UN
PDR00161;GRAISSE MP2 180KG;UN
PDR00161;GRAISSE MP2 180KG;UN
PDR00161;GRAISSE MP2 180KG;UN
PDR00162;FILTRE À AIR EXT CLARK DOOSAN 11 ET 12;UN
PDR00162;FILTRE À AIR EXT CLARK DOOSAN 11 ET 12;UN
PDR00163;FILTRE À HUILE 400404-00076;UN
PDR00163;FILTRE À HUILE 400404-00076;UN
PDR00164;FILTRE À GASOIL 400403-00126;UN
PDR00164;FILTRE À GASOIL 400403-00126;UN
PDR00165;FILTRE À BOITE VITESSE 400406-01223;UN
PDR00165;FILTRE À BOITE VITESSE 400406-01223;UN
PDR00166;FILTRE HYDRAULIQUE DE RETOUR CLARK DOOSAN;UN
PDR00166;FILTRE HYDRAULIQUE DE RETOUR CLARK DOOSAN;UN
PDR00167;FILTRE SÉPARATEUR À GASOIL DOOSAN;UN
PDR00167;FILTRE SÉPARATEUR À GASOIL DOOSAN;UN
PDR00168;GRAISSE TABLE VIBRANTE;UN
PDR00169;CHAUSSURE DE SECURITE P38;UN
PDR00169;CHAUSSURE DE SECURITE P38;UN
PDR00170;CHAUSSURE DE SECURITE P39;UN
PDR00170;CHAUSSURE DE SECURITE P39;UN
PDR00171;CHAUSSURE DE SECURITE P40;UN
PDR00171;CHAUSSURE DE SECURITE P40;UN
PDR00172;FER PLAT 30X4 6M;UN
PDR00172;FER PLAT 30X4 6M;UN
PDR00172;FER PLAT 30X4 6M;UN
PDR00173;FER PLAT 40X20 6M;UN
PDR00173;FER PLAT 40X20 6M;UN
PDR00173;FER PLAT 40X20 6M;UN
PDR00174;FER PLAT 60X20 6M;UN
PDR00174;FER PLAT 60X20 6M;UN
PDR00174;FER PLAT 60X20 6M;UN
PDR00175;FER ROND 30 6M;UN
PDR00175;FER ROND 30 6M;UN
PDR00175;FER ROND 30 6M;UN
PDR00176;FER CARRE 10 6M;UN
PDR00176;FER CARRE 10 6M;UN
PDR00176;FER CARRE 10 6M;UN
PDR00177;FER CARRE 16 6M;UN
PDR00177;FER CARRE 16 6M;UN
PDR00177;FER CARRE 16 6M;UN
PDR00178;FER ROND 20 6M;UN
PDR00178;FER ROND 20 6M;UN
PDR00178;FER ROND 20 6M;UN
PDR00179;FER ROND 14 6M;UN
PDR00179;FER ROND 14 6M;UN
PDR00179;FER ROND 14 6M;UN
PDR00180;FER UPN 80 4A 6M;UN
PDR00180;FER UPN 80 4A 6M;UN
PDR00180;FER UPN 80 4A 6M;UN
PDR00182;TOLE ACIER 4000 1435X1200X20;UN
PDR00183;TOLE ACIER 4000 1940X1620X25;UN
PDR00184;TOLE CREUSABRO 3000X1500X8;UN
PDR00184;TOLE CREUSABRO 3000X1500X8;UN
PDR00184;TOLE CREUSABRO 3000X1500X8;UN
PDR00185;TOLE RELIA  2200X2200X15;UN
PDR00186;TOLE ACIER 4000 2000X2000X15;UN
PDR00187;ACIDE NETHRIQUE 40°;L
PDR00188;FILTRE DE TRANSMISSION CLARK DOOSAN;UN
PDR00188;FILTRE DE TRANSMISSION CLARK DOOSAN;UN
PDR00189;FILTRE À AIR INT CLARK DOOSAN 9 ET 10;UN
PDR00189;FILTRE À AIR INT CLARK DOOSAN 9 ET 10;UN
PDR00190;ARRET D'HUILE 100X130X13 MALAXEUR;UN
PDR00191;ARRET D'HUILE 75X100X10 EN VITON;UN
PDR00192;ARRET D'HUILE 90X120X13 VITON;UN
PDR00192;ARRET D'HUILE 90X120X13 VITON;UN
PDR00193;FLEXIBLE D'EPANDAGE 4M;UN
PDR00193;FLEXIBLE D'EPANDAGE 4M;UN
PDR00193;FLEXIBLE D'EPANDAGE 4M;UN
PDR00194;ROULEMENT 626 ;UN
PDR00194;ROULEMENT 626 ;UN
PDR00194;ROULEMENT 626 ;UN
PDR00195;ROULEMENT 6014 2RS C3 SKF;UN
PDR00195;ROULEMENT 6014 2RS C3 SKF;UN
PDR00195;ROULEMENT 6014 2RS C3 SKF;UN
PDR00196;ROULEMENT 6015 2Z ;UN
PDR00196;ROULEMENT 6015 2Z ;UN
PDR00196;ROULEMENT 6015 2Z ;UN
PDR00197;ROULEMENT NATR 40 PPA SKF;UN
PDR00197;ROULEMENT NATR 40 PPA SKF;UN
PDR00197;ROULEMENT NATR 40 PPA SKF;UN
PDR00198;ROULEMENT 6208 2RS1 C3 SKF;UN
PDR00198;ROULEMENT 6208 2RS1 C3 SKF;UN
PDR00198;ROULEMENT 6208 2RS1 C3 SKF;UN
PDR00199;ROULEMENT 6208 ZZ C3 SKF;UN
PDR00199;ROULEMENT 6208 ZZ C3 SKF;UN
PDR00199;ROULEMENT 6208 ZZ C3 SKF;UN
PDR00200;ROULEMENT 6306 2Z C3 SKF;UN
PDR00200;ROULEMENT 6306 2Z C3 SKF;UN
PDR00200;ROULEMENT 6306 2Z C3 SKF;UN
PDR00201;ROULEMENT 6306 2RS C3 SKF;UN
PDR00201;ROULEMENT 6306 2RS C3 SKF;UN
PDR00201;ROULEMENT 6306 2RS C3 SKF;UN
PDR00202;COUDE DE REFOULEMENT NORMAL 125/5.5 90° GM;UN
PDR00202;COUDE DE REFOULEMENT NORMAL 125/5.5 90° GM;UN
PDR00202;COUDE DE REFOULEMENT NORMAL 125/5.5 90° GM;UN
PDR00203;JOINT C DN125;UN
PDR00203;JOINT C DN125;UN
PDR00203;JOINT C DN125;UN
PDR00204;BALLE EPONGE D150;UN
PDR00204;BALLE EPONGE D150;UN
PDR00205;COUDE 1ERE SORTIE PUTZ 417730;UN
PDR00205;COUDE 1ERE SORTIE PUTZ 417730;UN
PDR00206;TUYAU DE ROUFOULEMENT NORMAL 125/5.5X3000;UN
PDR00206;TUYAU DE ROUFOULEMENT NORMAL 125/5.5X3000;UN
PDR00206;TUYAU DE ROUFOULEMENT NORMAL 125/5.5X3000;UN
PDR00207;ROULEMENT 6006 ;UN
PDR00207;ROULEMENT 6006 ;UN
PDR00207;ROULEMENT 6006 ;UN
PDR00207;ROULEMENT 6006 ;UN
PDR00208;ACCUMULATEUR BATTERIE PUT458017;UN
PDR00208;ACCUMULATEUR BATTERIE PUT458017;UN
PDR00209;ROULEMENT 506849 10 ;UN
PDR00209;ROULEMENT 506849 10 ;UN
PDR00209;ROULEMENT 506849 10 ;UN
PDR00210;GUEULLE D'USURE URO022 PUT561651;UN
PDR00210;GUEULLE D'USURE URO022 PUT561651;UN
PDR00211;ANNEAU D'USURE PUT261123001;UN
PDR00211;ANNEAU D'USURE PUT261123001;UN
PDR00212;CONE DE SERRAGE PUT458878;UN
PDR00212;CONE DE SERRAGE PUT458878;UN
PDR00213;COUDE DE REFOULEMENT TREMPE 125/5.5 90° GM;UN
PDR00213;COUDE DE REFOULEMENT TREMPE 125/5.5 90° GM;UN
PDR00213;COUDE DE REFOULEMENT TREMPE 125/5.5 90° GM;UN
PDR00214;ROULEMENT NJ 2310 ECML C3 SKF;UN
PDR00214;ROULEMENT NJ 2310 ECML C3 SKF;UN
PDR00214;ROULEMENT NJ 2310 ECML C3 SKF;UN
PDR00216;GALET DE CAMES KR 80 PPA ;UN
PDR00216;GALET DE CAMES KR 80 PPA ;UN
PDR00216;GALET DE CAMES KR 80 PPA ;UN
PDR00217;ROULEMENT 6204 2RSC3 SKF;UN
PDR00217;ROULEMENT 6204 2RSC3 SKF;UN
PDR00217;ROULEMENT 6204 2RSC3 SKF;UN
PDR00218;TOLE GALVANISE 3000X1500 20/10;UN
PDR00218;TOLE GALVANISE 3000X1500 20/10;UN
PDR00218;TOLE GALVANISE 3000X1500 20/10;UN
PDR00219;ROULEMENT GE20GS-2RS SKF;UN
PDR00219;ROULEMENT GE20GS-2RS SKF;UN
PDR00219;ROULEMENT GE20GS-2RS SKF;UN
PDR00220;ROULEMENT 6002 2RS C3;UN
PDR00220;ROULEMENT 6002 2RS C3;UN
PDR00220;ROULEMENT 6002 2RS C3;UN
PDR00220;ROULEMENT 6002 2RS C3;UN
PDR00221;ROULEMENT 30315 SKF;UN
PDR00221;ROULEMENT 30315 SKF;UN
PDR00221;ROULEMENT 30315 SKF;UN
PDR00222;TOLE NOIR 3000X1500X2;UN
PDR00222;TOLE NOIR 3000X1500X2;UN
PDR00222;TOLE NOIR 3000X1500X2;UN
PDR00223;TOLE NOIR 2000X1000X2;UN
PDR00223;TOLE NOIR 2000X1000X2;UN
PDR00223;TOLE NOIR 2000X1000X2;UN
PDR00224;TOLE NOIR 3000X1500X4;UN
PDR00224;TOLE NOIR 3000X1500X4;UN
PDR00224;TOLE NOIR 3000X1500X4;UN
PDR00225;TOLE NOIR 2000X1000X12;UN
PDR00225;TOLE NOIR 2000X1000X12;UN
PDR00225;TOLE NOIR 2000X1000X12;UN
PDR00226;ROULEMENT 30211J ;UN
PDR00226;ROULEMENT 30211J ;UN
PDR00226;ROULEMENT 30211J ;UN
PDR00226;ROULEMENT 30211J ;UN
PDR00227;ROULEMENT 30207 J ;UN
PDR00227;ROULEMENT 30207 J ;UN
PDR00227;ROULEMENT 30207 J ;UN
PDR00227;ROULEMENT 30207 J ;UN
PDR00228;COUDE FEMELLE 25X3/4 PEHD PM;UN
PDR00229;PELLE RACLEUSE SUP DROITE D30.16;UN
PDR00229;PELLE RACLEUSE SUP DROITE D30.16;UN
PDR00230;PELLE RACLEUSE SUP GAUCHE D30.06;UN
PDR00230;PELLE RACLEUSE SUP GAUCHE D30.06;UN
PDR00231;PELLE GRATEUZE INF DROITE D22.09;UN
PDR00231;PELLE GRATEUZE INF DROITE D22.09;UN
PDR00232;PELLE GRATEUSE INF GAUCHE D22.08;UN
PDR00232;PELLE GRATEUSE INF GAUCHE D22.08;UN
PDR00233;TOLE D'USURE 1CB00926;UN
PDR00233;TOLE D'USURE 1CB00926;UN
PDR00234;TOLE D'USURE 1CB00927;UN
PDR00234;TOLE D'USURE 1CB00927;UN
PDR00235;TOLE D'USURE 1CB00929;UN
PDR00235;TOLE D'USURE 1CB00929;UN
PDR00236;TOLE D'USURE 1CB00930;UN
PDR00236;TOLE D'USURE 1CB00930;UN
PDR00237;TOLE D'USURE 1CB00931;UN
PDR00237;TOLE D'USURE 1CB00931;UN
PDR00238;TOLE D'USURE DU FOND 1CB00936;UN
PDR00238;TOLE D'USURE DU FOND 1CB00936;UN
PDR00239;JOINTS D'ÉTANCHÉITÉ 0HO00200;UN
PDR00239;JOINTS D'ÉTANCHÉITÉ 0HO00200;UN
PDR00240;PELLE CENTRALE 1CB00087 D30.07;UN
PDR00240;PELLE CENTRALE 1CB00087 D30.07;UN
PDR00241;BRAS CENTRALE 1CB00923 DX 45.01;UN
PDR00241;BRAS CENTRALE 1CB00923 DX 45.01;UN
PDR00242;TOLE D'USURE 1CB00928;UN
PDR00242;TOLE D'USURE 1CB00928;UN
PDR00243;SOUFFLET EN CAOUTCHOUC 1GC00242;UN
PDR00243;SOUFFLET EN CAOUTCHOUC 1GC00242;UN
PDR00244;PISTON D'ALIMENTATION DIAM 230;UN
PDR00244;PISTON D'ALIMENTATION DIAM 230;UN
PDR00245;TOLE NOIR 3000X1500X3;UN
PDR00245;TOLE NOIR 3000X1500X3;UN
PDR00245;TOLE NOIR 3000X1500X3;UN
PDR00246;TOLE NOIR 2000X1000X15;UN
PDR00246;TOLE NOIR 2000X1000X15;UN
PDR00246;TOLE NOIR 2000X1000X15;UN
PDR00247;RONDELLE DE CLOTURE 0HO00123;UN
PDR00247;RONDELLE DE CLOTURE 0HO00123;UN
PDR00249;TUYAU DE REFOULEMENT TREMPE 125/5.5X3000;UN
PDR00249;TUYAU DE REFOULEMENT TREMPE 125/5.5X3000;UN
PDR00249;TUYAU DE REFOULEMENT TREMPE 125/5.5X3000;UN
PDR00250;TUYAU DE REDUCTION 150/125X1200;UN
PDR00250;TUYAU DE REDUCTION 150/125X1200;UN
PDR00250;TUYAU DE REDUCTION 150/125X1200;UN
PDR00251;ROULEMENT 67048 10 ;UN
PDR00251;ROULEMENT 67048 10 ;UN
PDR00251;ROULEMENT 67048 10 ;UN
PDR00253;ROULEMENT 6214 2RS1-C3 ;UN
PDR00253;ROULEMENT 6214 2RS1-C3 ;UN
PDR00253;ROULEMENT 6214 2RS1-C3 ;UN
PDR00254;ROULEMENT 30318 SKF;UN
PDR00254;ROULEMENT 30318 SKF;UN
PDR00254;ROULEMENT 30318 SKF;UN
PDR00255;RONDELLE CONE HP300;UN
PDR00256;ROULEMENT 1235 1 1/4 NSK-RHP;UN
PDR00256;ROULEMENT 1235 1 1/4 NSK-RHP;UN
PDR00256;ROULEMENT 1235 1 1/4 NSK-RHP;UN
PDR00257;FILTRE A HUILE KL912;UN
PDR00258;MAMELON 1P CUIVRE;UN
PDR00259;ROBINET A BOISEAU INOX 316;UN
PDR00260;DISQUE DE FREIN DI010691431 CHARGEUSE;UN
PDR00261;PNEU 235/65R16C;UN
PDR00262;FORMALDEHYDE37-38% 2.5L;UN
PDR00263;PALIERS À SEMELLE SL50;UN
PDR00263;PALIERS À SEMELLE SL50;UN
PDR00263;PALIERS À SEMELLE SL50;UN
PDR00264;ROULEMENT 30315 NTN-SNR;UN
PDR00264;ROULEMENT 30315 NTN-SNR;UN
PDR00264;ROULEMENT 30315 NTN-SNR;UN
PDR00265;ROULEMENT 6001 2RS C3;UN
PDR00265;ROULEMENT 6001 2RS C3;UN
PDR00265;ROULEMENT 6001 2RS C3;UN
PDR00265;ROULEMENT 6001 2RS C3;UN
PDR00266;MOITIER 1PX3/4 CUIVRE;UN
PDR00267;BALAIS ESSUIE GLACE 550MM;UN
PDR00268;ROULEMENT 6307 2RS;UN
PDR00269;CHAPEAU CONE HP300;UN
PDR00270;RONDELLE CONE 1362 SANDVIK;UN
PDR00271;TIGE FILETTE DIA 14;UN
PDR00271;TIGE FILETTE DIA 14;UN
PDR00272;SILICONE NOIR;UN
PDR00273;DELET;UN
PDR00274;SAPE DE JARDIN PLUS MANCHE;UN
PDR00275;PLAQUETTE DE FREIN AV GDB1696;UN
PDR00277;VERIN A SOUFFLET 100/10;UN
PDR00277;VERIN A SOUFFLET 100/10;UN
PDR00278;PAPIER DISQUE TACHYGRAPHE;UN
PDR00279;ROULEMENT GE20GS-2RS NTN-SNR;UN
PDR00279;ROULEMENT GE20GS-2RS NTN-SNR;UN
PDR00279;ROULEMENT GE20GS-2RS NTN-SNR;UN
PDR00280;FILTRE A HUILE WL7240;UN
PDR00282;ROULEMENT GE16ES;UN
PDR00282;ROULEMENT GE16ES;UN
PDR00282;ROULEMENT GE16ES;UN
PDR00282;ROULEMENT GE16ES;UN
PDR00283;ARRET D HUILE 85X110X12;UN
PDR00283;ARRET D HUILE 85X110X12;UN
PDR00283;ARRET D HUILE 85X110X12;UN
PDR00283;ARRET D HUILE 85X110X12;UN
PDR00284;MANCHON FF 1P CUIVRE;UN
PDR00285;PROJECTEUR SOLAIRE 400W;UN
PDR00287;ROUE POLYURETHANE 200X50;UN
PDR00288;ROULEMENT 30318 NTN-SNR;UN
PDR00288;ROULEMENT 30318 NTN-SNR;UN
PDR00288;ROULEMENT 30318 NTN-SNR;UN
PDR00289;CHAPEAU CONE 1362 SANDVIK;UN
PDR00290;ADBLEU;L
PDR00290;ADBLEU;L
PDR00290;ADBLEU;L
PDR00292;AMORTISSEUR CABINE MAN AV 2T TGS T/TGA;UN
PDR00292;AMORTISSEUR CABINE MAN AV 2T TGS T/TGA;UN
PDR00294;AMORTISSEUR CABINE MAN 6X4;UN
PDR00295;AMORTISSEUR SUSPENTION MAN TGS T/TGA;UN
PDR00297;ARBRE DE POMPE A HUILE BV MAN TGS 480;UN
PDR00297;ARBRE DE POMPE A HUILE BV MAN TGS 480;UN
PDR00298;BATTERIE M15 12v;UN
PDR00298;BATTERIE M15 12v;UN
PDR00298;BATTERIE M15 12v;UN
PDR00298;BATTERIE M15 12v;UN
PDR00299;BATTERIE L3 12V;UN
PDR00299;BATTERIE L3 12V;UN
PDR00299;BATTERIE L3 12V;UN
PDR00300;BATTERIE L5 12V;UN
PDR00300;BATTERIE L5 12V;UN
PDR00300;BATTERIE L5 12V;UN
PDR00301;FILTRE A HUILE MAN TGS/TGA;UN
PDR00302;FILTRE A AIR MAN TGS/TGA PM;UN
PDR00303;FILTRE A AIR MAN TGS/TGA GM;UN
PDR00304;FILTRE A AIR ATLAS COPCO XAS77;UN
PDR00305;FILTRE A AIR MERCEDES ACTROS;UN
PDR00306;FILTRE A AIR MERCEDES;UN
PDR00307;FILTRE A CARBURANT MAN TGS/TGA;UN
PDR00308;FILTRE CHASSIS MAN TGS CARTOUCHE;UN
PDR00309;FILTRE A CARBURANT MERCEDES ACTROS;UN
PDR00310;FILTRE RENIFLEUR MAN TGS;UN
PDR00311;FILTRE DIRECTION MAN TGS/TGA;UN
PDR00312;FILTRE A HUILE MAN EURO6;UN
PDR00313;FILTRE A HUILE MERCEDES;UN
PDR00314;FILTRE CHASSIS MAN TGM;UN
PDR00315;FILTRE CHASSIS MAN TGA;UN
PDR00316;FILTRE DECLANCHEUR;UN
PDR00317;FILTRE DIRECTION 8X4;UN
PDR00318;FILTRE A CARBURANT MERCEDES;UN
PDR00319;FILTRE POMPE HYDROLIQUE ATLAS COPCO XAS77;UN
PDR00320;GRAISSE MP3;KG
PDR00321;HUILE C150;UN
PDR00321;HUILE C150;UN
PDR00322;GRAISSE MOYEUX;UN
PDR00324;HUILE 220;L
PDR00325;HUILE 5W30;UN
PDR00325;HUILE 5W30;UN
PDR00326;HUILE 75W80;L
PDR00327;GARNITURE DE FREIN ATTELAGE 13T;UN
PDR00328;GARNITURE DE FREIN ATTELAGE PB;UN
PDR00329;GARNITURE DE FREIN MAR AR;UN
PDR00330;GARNITURE DE FREIN MAR AV;UN
PDR00331;GARNITURE DE FREIN ATTELAGE 16T;UN
PDR00332;CAME DE FREIN ENGRENAGES GM;UN
PDR00333;CAME DE FREIN ENGRENAGES PM;UN
PDR00334;REVIT GARNITURE PLEIN 16,3X17,5;UN
PDR00335;REVIT GARNITURE ALUMI 8X20;UN
PDR00336;PNEU 315/80R22.5 KELLY ARMORSTEEL KSM;UN
PDR00336;PNEU 315/80R22.5 KELLY ARMORSTEEL KSM;UN
PDR00337;PNEU 315/80R22.5 AUSTON AT115;UN
PDR00338;PNEU 315/80R22.5 MARSHAL KXD10;UN
PDR00339;PNEU 315/80R22.5 MARSHAL KXS10;UN
PDR00340;PNEU 385/65R22.5 FULDA REGIOCONTROL;UN
PDR00341;PNEU 12/80R22.5 PETLAS;UN
PDR00342;PNEU 315/80R22.5 SAILUN S702;UN
PDR00343;PNEU 185/65R15 ;UN
PDR00343;PNEU 185/65R15 ;UN
PDR00344;PNEU 315/80R22.5 MARSHAL KMA31;UN
PDR00345;PNEU 315/80R22.5 FULDA VARIOCONTROL;UN
PDR00346;TAMBOUR DE FREIN FUWA 13T;UN
PDR00346;TAMBOUR DE FREIN FUWA 13T;UN
PDR00347;TAMBOUR DE FREIN FUWA 16T;UN
PDR00348;HUILE 15W40;UN
PDR00349;HUILE DIRECTION;L
PDR00350;HUILE 10W40;L
PDR00351;VASE DE FREIN SIMPLE T24;UN
PDR00352;VASE DE FREIN SIMPE T30;UN
PDR00354;AMORTISSEUR CABINE MAN AR 1T TGS T/TGA;UN
PDR00355;AMORTISSEUR CABINE MAN AR 2T TGS T/TGA;UN
PDR00356;AMORTISSEUR CABINE MAN AV 1T TGS T/TGA;UN
PDR00357;ROULEMENT A BILLE 2308 2RS;UN
PDR00358;ROTULES GE40 ES 2RS;UN
PDR00359;ROULEMENT 4305 BTNC3;UN
PDR00360;ROULEMENT 30317;UN
PDR00360;ROULEMENT 30317;UN
PDR00361;PALIER SL40 RHP;UN
PDR00362;ROULEMENT 30312;UN
PDR00363;PALIER UCP211;UN
PDR00364;PALIER UCP207;UN
PDR00365;PRISE CONTROLE DSK-12;UN
PDR00366;ROULEMENT 3206-A-2RS1TN9;UN
PDR00367;FILTRE A AIR INT A213938;UN
PDR00368;FILTRE A AIR INT 400401-0093;UN
PDR00369;FILTRE A AIR EXT 400401-0094;UN
PDR00370;FILTRE HYDRAULIQUE A235011;UN
PDR00371;FILTRE 400406-00263;UN
PDR00372;FILTRE HYDRAULIQUE 400406-00013;UN
PDR00373;FILTRE A AIR INT 400401-00393;UN
PDR00374;FILTRE SP046B038;UN
PDR00375;FILTRE SP046B012;UN
PDR00376;PNEU 13R22.5 18PR 156/150K GRT770 TRACMAX;UN
PDR00377;PNEU 13R22.5 18PR 156/150K GRT901 TRACMAX;UN
PDR00378;PNEU 650R 10 HTF CLY GLX PLEIN CLQ;UN
PDR00379;PNEU 235/60R18 LA SPORT MICHELIN;UN
PDR00380;TOLE NERVESCO PRELAQUE 0,60MM IVOIR 7M;UN
PDR00380;TOLE NERVESCO PRELAQUE 0,60MM IVOIR 7M;UN
PDR00381;IPE 160 EN 12,1M;UN
PDR00382;FER PLAT 40X10 6M;UN
PDR00383;FER PLAT 80X6 6M;UN
PDR00384;CORNIERE 35X35X3 6M;UN
PDR00385;TOLE NOIR 3000X1500X20;UN
PDR00386;TUBE ROND NOIR 101X2 6M;UN
PDR00388;UPN 140 EN 6M;UN
PDR00389;FAITIERES NERVESCO 1,8M IVOIR;UN
PDR00390;TUBE RECTANGULAIRE 80X40X1.9 6M;UN
PDR00390;TUBE RECTANGULAIRE 80X40X1.9 6M;UN
PDR00391;TOLE STRIEE 3X1,5 -4/6;UN
PDR00392;TOLE NOIR 3000X1500X3MM;UN
PDR00393;CORNIERE 45X45X4,5;UN
PDR00394;CORNIERE 45X45X4 6M;UN
PDR00394;CORNIERE 45X45X4 6M;UN
PDR00394;CORNIERE 45X45X4 6M;UN
PDR00395;CORNIERE 35X35X3,5MM;UN
PDR00396;CORNIERE 70X70X7 6M;UN
PDR00397;TUBE CARRE 30X30X3MM;UN
PDR00399;JOINT TORIQUE 10206184 SCHWING;UN
PDR00400;JOINT DE PRESSION DN180 10029138 SCHWING;UN
PDR00401;POMPE A EAU 10164399 HYPRO SCHWING;UN
PDR00402;MOTEUR POMPE A EAU SCHWING 98435766;UN
PDR00403;KIT D'ACCOUPLEMENT POMPE A EAU SCHWING;UN
PDR00404;COURROIE D140 OPTIBELT;UN
PDR00405;COURROIE D540 OPTIBELT;UN
PDR00406;ROULEMENT A ROULEAUX 22322MC4VE NSK;UN
PDR00407;COURROIE TRAPEZOIDALES C99 OPTIBELT;UN
PDR00408;COURROIE B105 ;UN
PDR00409;COURROIE B118 MEGADYNE;UN
PDR00410;COURROIE C105 MEGADYNE;UN
PDR00411;CHAINE A ROULEAUX 16B1 ACE;M
PDR00412;COURROIE ISORAN 1200 MEGADYNE 5X20MM;UN
PDR00413;COURROIE C187 MEGADYNE;UN
PDR00414;COURROIE B87 MEGADYNE;UN
PDR00415;RECHARGE PROPANE 34KG;UN
PDR00416;FILTRE A HUILE 400404-00301;UN
PDR00417;FILTRE A GASOIL 400508-00196;UN
PDR00418;FILTRE A GASOIL 400504-00218;UN
PDR00419;FILTRE DE FREIN 400504-00485;UN
PDR00420;FILTRE HYDRAULIQUE 400504-00555;UN
PDR00421;FILTRE TRANSMISSION 400409-00006;UN
PDR00422;DURITE DS2086014;UN
PDR00423;CAPTEUR DE PRESSION K1048145;UN
PDR00424;FILTRE HYDRAULIQUE K9005929;UN
PDR00425;CREPINE D 400408-00049;UN
PDR00426;CONTACT DE DEMARRAGE 36786457;UN
PDR00427;POMPE DE FREIN 400916-00133A;UN
PDR00428;FILTRE SEPARATEUR A GASOIL 400508-00179;UN
PDR00429;FILTRE DE PILOTAGE 400504-00241;UN
PDR00430;FILTRE HYDRAULIQUE 400504-00483B;UN
PDR00431;FILTRE DE CLIMATISATION K1030288;UN
PDR00432;COURROIE CLIMATISEUR 2106-1019D2;UN
PDR00433;COURROIE ALTERNATEUR 130205-00421;UN
PDR00434;FILTRE DE CLIMATISATION 400402-00079;UN
PDR00435;FILTRE DE FREIN 400504-00535;UN
PDR00436;COURROIE POMPE A EAU 130205-00616B;UN
PDR00437;COURROIE 130205-01188A;UN
PDR00438;FILTRE DE CLIM 400402-00106A;UN
PDR00439;FILTRE DE CLIM 400402-00076B;UN
PDR00440;GRAISSEUR S6710041;UN
PDR00440;GRAISSEUR S6710041;UN
PDR00440;GRAISSEUR S6710041;UN
PDR00441;BOBINE ELECTRIQUE 300743-00149;UN
PDR00442;COMMODO AV/AR 301403-00030;UN
PDR00443;VANNE A PAPILLON V2FS250SB;UN
PDR00444;MANIVELLE POUR VANNE CM4;UN
PDR00445; HUILE PLANCHE CHRYSO DEM 40;L
PDR00446;TUBE RECTANGULAIRE 50X30X2;UN
PDR00447;TUBE CARRE 60X60X2;UN
PDR00448;BAGUETTE DE SOUDAGE DIA 3,15;UN
PDR00448;BAGUETTE DE SOUDAGE DIA 3,15;UN
PDR00448;BAGUETTE DE SOUDAGE DIA 3,15;UN
PDR00448;BAGUETTE DE SOUDAGE DIA 3,15;UN
PDR00450;ESSENCE WHITE SPIRIT ATLAS 5L;UN
PDR00451;FAUX CADRE 40X1,5;UN
PDR00452;COURROIE B84 ;UN
PDR00452;COURROIE B84 ;UN
PDR00453;ARRET D'HUILE 70X110X120 VITON;UN
PDR00454;ARRET D'HUILE 70X110X08 VITON;UN
PDR00455;MANO SCHWING 98424290;UN
PDR00456;VENTILATEUR DE REFROIDISSEMENT HUILE 409337;UN
PDR00457;REDUCTEUR RP151 R1/15 DIA 60 SITI;UN
PDR00458;REDUCTEUR PENDULAIRE TA60-60 EUROMOTORI;UN
PDR00459;MOTEUR ELECTRIQUE 30CV 1550TR/MIN B3 SITI;UN
PDR00460;ALTERNATEUR 24V/60A 2502-9009;UN
PDR00460;ALTERNATEUR 24V/60A 2502-9009;UN
PDR00461;DEMAREUR 65,26201-7088A;UN
PDR00462;ACCUMULATOR HYDR PUT066600004;UN
PDR00463;JOINT A LEVRES PUT 062954000;UN
PDR00464;JOINT TORIQUE 130X5 PUT 042709000;UN
PDR00465;BAGUETTE DE SOUDAGE G53 DIA 4;UN
PDR00466;BOULON NOIR 12X35 6,8;UN
PDR00467;VIS AUTO-PERCEUSE TH CELO DIA 6,3X25;UN
PDR00468;COFFRET DE 5 EXTRACTEURS DE GOUJONS JBM;UN
PDR00469;PAIRE DE GANT EN CUIR ;UN
PDR00469;PAIRE DE GANT EN CUIR ;UN
PDR00469;PAIRE DE GANT EN CUIR ;UN
PDR00470;MANIELL HR OMEGA 8T;UN
PDR00471;VIS HR DIA 14X50 8,8;UN
PDR00471;VIS HR DIA 14X50 8,8;UN
PDR00472;ECROU TH HR DIA 14;UN
PDR00472;ECROU TH HR DIA 14;UN
PDR00473;TUBE CONTACT BINZEL M8/1,2/30;UN
PDR00474;PINCE UNIVERSELLE BAHCO 180MM RF2678G-180;UN
PDR00474;PINCE UNIVERSELLE BAHCO 180MM RF2678G-180;UN
PDR00475;COLLE A BOIS SACOL 20KG;UN
PDR00476;VIS BTR TC DIA 12X35 8,8;UN
PDR00476;VIS BTR TC DIA 12X35 8,8;UN
PDR00477;GRAISSEUR DROIT DIA 8X100;UN
PDR00477;GRAISSEUR DROIT DIA 8X100;UN
PDR00478;GRAISSEUR DROIT DIA 8X125;UN
PDR00479;GRAISSEUR DROIT DIA 10X150;UN
PDR00480;COLLIER AJOUREE ACIER DIA 48-51 MIKALOR;UN
PDR00481;VIS HR DIA 16X60 PAS 150 CLASSE 10;UN
PDR00482;VIS HR DIA 16X80 PAS 150 CLASSE 10;UN
PDR00483;COLLE LOCTITE 243 50ML;UN
PDR00483;COLLE LOCTITE 243 50ML;UN
PDR00484;CLE A CHOC PNEUMATIQUE BAHCO 1/2 BPC815;UN
PDR00485;CLE A CHOC PNEUMATIQUE  3/4;UN
PDR00485;CLE A CHOC PNEUMATIQUE  3/4;UN
PDR00486;PINCE SOUDEUR;UN
PDR00486;PINCE SOUDEUR;UN
PDR00487;TETE DE COUPE 16/10 SAF;UN
PDR00487;TETE DE COUPE 16/10 SAF;UN
PDR00487;TETE DE COUPE 16/10 SAF;UN
PDR00488;RIVET POP DIA 4X16;UN
PDR00489;RIVET POP DIA 5X30;UN
PDR00490;RIVET POP DIA 6X30;UN
PDR00491;VIS HR DIA 24X80 8.8;UN
PDR00491;VIS HR DIA 24X80 8.8;UN
PDR00492;ECROU TH HR DIA 24;UN
PDR00492;ECROU TH HR DIA 24;UN
PDR00493;ECROU TH HR DIA 10;UN
PDR00493;ECROU TH HR DIA 10;UN
PDR00494;VERRE DE MASQUE NOIR;UN
PDR00494;VERRE DE MASQUE NOIR;UN
PDR00495;BOULON TH CAD 8X16;UN
PDR00496;FILTRE A HUILE WL7172;UN
PDR00496;FILTRE A HUILE WL7172;UN
PDR00497;FILTRE A AIR R512;UN
PDR00498;FILTRE A AIR R570;UN
PDR00499;FILTRE A HUILE WL7086;UN
PDR00500;HUILE DE FREIN DOT 4;UN
PDR00501;CHEMIS SF 32A07-00300;UN
PDR00502;POCHET JOINT EF01318A-002;UN
PDR00503;POMPE A HUILE EC16202A-003;UN
PDR00504;FILTRE A AIR P528A;UN
PDR00505;BOULON 18X380 AR MAN 6X4 8X4;UN
PDR00506;FILTRE A GASOIL FFS2922;UN
PDR00507;FILTRE A HUILE 8981650710;UN
PDR00508;FILTRE A AIR 8981402260;UN
PDR00509;NECESSAIRE EMB SUP 1878303701;UN
PDR00510;CROISIL CARDANT MAN 022017;UN
PDR00510;CROISIL CARDANT MAN 022017;UN
PDR00511;POULIE TENDEUR VW GOLF IV SKF;UN
PDR00512;COLLE REINZ 1414;UN
PDR00512;COLLE REINZ 1414;UN
PDR00512;COLLE REINZ 1414;UN
PDR00513;GOUJON MAN 22X23X110;UN
PDR00513;GOUJON MAN 22X23X110;UN
PDR00513;GOUJON MAN 22X23X110;UN
PDR00514;ECROU DE GOUJON MAN 32/30;UN
PDR00515;PLAQUETTE FREIN 05P1630;UN
PDR00516;ANTI FUITE RADIATEUR MG75;UN
PDR00517;COLLE 2PS EPOXY;UN
PDR00517;COLLE 2PS EPOXY;UN
PDR00518;FILTRE A HUILE WL7254;UN
PDR00519;FILTRE A GASOIL COMPLET FCS921;UN
PDR00520;SAC CHIFON;UN
PDR00520;SAC CHIFON;UN
PDR00521;MASSETTE 1KG;UN
PDR00522;MASSETTE 1,5KG;UN
PDR00523;MASSETTE 2KG;UN
PDR00524;DILUANT 5L;UN
PDR00524;DILUANT 5L;UN
PDR00525;CADNAT  66;UN
PDR00525;CADNAT  66;UN
PDR00526;TETE DE ROBINET 1/2;UN
PDR00527;GRATOIR INGCO 4;UN
PDR00527;GRATOIR INGCO 4;UN
PDR00528;GRATOIR INGCO 80;UN
PDR00529;MANCHE DE BROSSE;UN
PDR00529;MANCHE DE BROSSE;UN
PDR00530;MESURE 3M DECAMETRE;UN
PDR00530;MESURE 3M DECAMETRE;UN
PDR00531;MESURE 7.5M DECAMETRE;UN
PDR00531;MESURE 7.5M DECAMETRE;UN
PDR00532;ROULETTE 10M;UN
PDR00533;CABLE SOUPLE 4X1,5 ;M
PDR00533;CABLE SOUPLE 4X1,5 ;M
PDR00534;CABLE SOUPLE 3X2.5 ;M
PDR00535;CABLE SOUPLE 4X4 INGELEC;M
PDR00536;RALANGE 50M INGELEC;UN
PDR00537;CEINTURE POID LORD 5MX5T;UN
PDR00538;CEINTURE POID LORD 10MX5T;UN
PDR00539;CEINTURE POID LORD 4MX4T;UN
PDR00540;TUYAU GONFLEUR;M
PDR00541;TUYAU COMRESSEUR;M
PDR00542;COLLIER A GAZ 10-16;UN
PDR00543;TUYAU PVC D 200 ORANGE ;M
PDR00544;TUYAU PVC D 160 ORANGE 10BARS;M
PDR00545;TUYAU D'AROSSAGE DIA 19;M
PDR00546;SAVON BELDI KG;KG
PDR00546;SAVON BELDI KG;KG
PDR00547;TOILETTE ANGLAIS COMPLET;UN
PDR00548;SIEGE A LA TURQUE ;UN
PDR00548;SIEGE A LA TURQUE ;UN
PDR00549;RALANGE 3S 2P+T;UN
PDR00550;RALANGE 4S 2P+T;UN
PDR00551;ROBINET FLOTEUR 3/4 DB;UN
PDR00552;VANNE A BILLE A GAZ 1P1/4 NTM;UN
PDR00553;TE EGAL PPR BLEU NIRON DIA 40;UN
PDR00554;RACCORD M PPR NIRON D 40X1P1/4 NRFM;UN
PDR00555;RACCORD UNION 341 1P1/4;UN
PDR00556;ML TUBE PPR D 40 NIRON PN 20;M
PDR00557;COLLIER GALVANISE A JOINT DIA 42;UN
PDR00558;COUDE 1/4 40 PPR NIRON;UN
PDR00559;COUDE 1/8 40 PPR NIRON;UN
PDR00560;COUDE MF 1/2;UN
PDR00561;VANNE PVC 50 DOUBLE CORPS;UN
PDR00562;SIPHONE 32 CREAPLAST;UN
PDR00563;SIPHONE 40 GM ;UN
PDR00563;SIPHONE 40 GM ;UN
PDR00564;BOUCHON 32 AC PR;UN
PDR00565;TE EGAL 25 PEHD;UN
PDR00566;MANCHON EGAL 25 PEHD PM;UN
PDR00567;TUYAU 25 PEHD 16 BAR SPLAST;M
PDR00568;TE FEMELLE 32X1P;UN
PDR00569;REDUCTION MF 1PX3/4 PEHD;UN
PDR00570;RACCORD MALE 25X3/4 PEHD;UN
PDR00571;COUDE FEMELLE 75X2P1/2 PEHD;UN
PDR00572;TE EGAL 75X75X75 PEHD IRRITEC;UN
PDR00573;COUDE EGAL 75X75 PEHD ALFA;UN
PDR00574;PRESOSTAT PM 5 ITALECNECA;UN
PDR00575;BOUCHON GLAV 1P;UN
PDR00576;REDUCTION GALV 2PX1P;UN
PDR00577;REDUCTION  2P1/2X2P;UN
PDR00577;REDUCTION  2P1/2X2P;UN
PDR00578;COLLIER PRISE EN CHARGE UNIDELTA 75X1P;UN
PDR00579;REDUCTION GLAV 2X1P1/2;UN
PDR00580;COLLIER A JOINT 75 SM;UN
PDR00581;MAMELON 2P GALV;UN
PDR00582;ELECTROVANNE 2P 24V HUNTER;UN
PDR00583;COLLIER PRISE EN CHARGE UNIDELTA 75X1/2;UN
PDR00584;COLLIER A JOINT 110 SM;UN
PDR00584;COLLIER A JOINT 110 SM;UN
PDR00585;COUDE 90 HP 110 ;UN
PDR00585;COUDE 90 HP 110 ;UN
PDR00585;COUDE 90 HP 110 ;UN
PDR00586;TUBE PVC 110 ;M
PDR00586;TUBE PVC 110 ;M
PDR00587;MANCHON 110 HP A COLLER;UN
PDR00588;ROBINET JARDIN A BILLE 1/2 ;UN
PDR00588;ROBINET JARDIN A BILLE 1/2 ;UN
PDR00589;COUDE FEMELLE 32X1P NIRON;UN
PDR00590;VANNE A BILLE D32 NIRON;UN
PDR00591;REDUCTION 1PX1/2 CUIVRE;UN
PDR00592;CABLE INFORMATIQUE 4P/UTP CAT6 305M;M
PDR00593;DISJONCTEUR EASY9 SP1PN4500 10A EZ9P32610;UN
PDR00594;INTER DIF 2P 40A/30MA EZ9R32240;UN
PDR00595;BAKELITE 5MM 7,30KG 1M2;UN
PDR00596;DISJONCTEUR MOTEUR 3P10KA 24A-32A GV2ME32;UN
PDR00597;FICHE FEMELLE 2P+T BLANC 4095S;UN
PDR00598;FICHE MALE 2P+T BLANC 4096;UN
PDR00599;COSSE PI RONDE RVL 5,5-6 TOSUN FDST4.6;UN
PDR00600;COSSE A SERTIR STD 50MM T12 SC-50-12;UN
PDR00601;DISJONCTEUR MOTEUR 3P 15KA 13A-18A GV2ME20;UN
PDR00602;DISJONCTEUR MOTEUR 3P 15KA 17A-23A GV2ME21;UN
PDR00603;CONTACTEUR 3P 25A 11KW 48V LC1D25E7;UN
PDR00604;SCOTCH GM 19X20 NOIR SIGMA;UN
PDR00605;COLLIER DE SERRAGE EN PLASTIQUE CS-8 7,5X400;UN
PDR00606;PRISE INDUSTRIEL APPARENT 380V 4X16A PA114;UN
PDR00607;PRISE INDUSTRIEL APPARANT 380V 4X32A PA124;UN
PDR00608;EMBOUT DE CABLE 2,5MM E2508;UN
PDR00609;RELAIS NIVEAU 10F RM22LG11MR;UN
PDR00610;RELAIS DE PHASE RM22TG20;UN
PDR00611;EMBOUT D1,5 E1510-12;UN
PDR00612;EMBOUT D4 E4012;UN
PDR00613;CABLE U500 SV 1,50MM NOIR H07V-K;M
PDR00614;CABLE U500 SV 2,50MM NOIR H07V-K;M
PDR00615;CABLE RVK 0,6/1KV 1X35MM;M
PDR00616;CABLE RVK 0,6/1KV 1X25MM;M
PDR00617;ISOLATEUR ELECTRIQUE IMS-51 FERRI 876438;UN
PDR00618;DISJONCTEUR NSX 160B 25KA 160A 4P C16B6TM160;UN
PDR00619;DISJONCTEUR NSX250N 50KA 4P250A S/DECL C25N4;UN
PDR00620;DECLANCHEUR TM250D 4P4D C254TM250;UN
PDR00621;DECLANCHEUR MICRO 2,2 160A 4P4D C1642D160;UN
PDR00622;COSSE A SERTIR SRD 25MM T8 SC28-8;UN
PDR00623;COSSE A SERTIR STD 35MM T10 SC35-10;UN
PDR00624;BARRE CUIVRE 50X5 4M;M
PDR00625;COSSE A SERTIR STD 185MM T16 SC-185-16;UN
PDR00626;DISJONCTEUR S/R IC60N 4P 6A A9F74406;UN
PDR00627;DISJONCTEUR NSX100B 25KA 3P 100A S/DECLC10B3;UN
PDR00628;DISJONCTEUR NSX250B 25KA 3P 250A S/DECLC25B3;UN
PDR00629;TRANSFORMATEUR DE COURANT 100/5A 15VA;UN
PDR00630;ARMOIRE METALBOX 2000X800 PAMD2008;UN
PDR00631;PLATINE PLEINE 2000X800;UN
PDR00632;DISJONCTEUR NSX800NMICROLOGIC 2.0 800A 4P 50KA;UN
PDR00633;DISJON NSX400F 3P 400A 36KA + DECLANCHEUR;UN
PDR00634;CENTRAL DE MESURE 15TH HART CL0.5100;UN
PDR00635;REPARTITEUR MODULAIRE TTD-9 4X11 250A TOSUN;UN
PDR00636;CONNECTEUR PLASTIQUE 4PX10A DROIT;UN
PDR00636;CONNECTEUR PLASTIQUE 4PX10A DROIT;UN
PDR00637;SWITCH 3P 10A SNAP;UN
PDR00638;TUYAUX PNEUMATIQUE TECALAN  DIA 12 ;M
PDR00638;TUYAUX PNEUMATIQUE TECALAN  DIA 12 ;M
PDR00638;TUYAUX PNEUMATIQUE TECALAN  DIA 12 ;M
PDR00639;TUYAUX 3/8 R1 BALFLEX;M
PDR00640;BAGUE DE FLEXIBLE 3/8 R1R2 HP;UN
PDR00641;TUYAUX 1P1/4 R13 BALFLEX;UN
PDR00642;BAGUE DE FLEXIBLE 1P1/4 R2R9 HP;UN
PDR00643;TUYAU 3/8 R2 BALFLEX;M
PDR00645;BAGUE DE FLEXIBLE 1/2 R2R9 HP;UN
PDR00646;RACCORD A OLIVE DROITE 8X15X22A DROITE;UN
PDR00647;COMPRESSEUR D'AIR 400102-00316;UN
PDR00648;DIAPHRAGM BOITE VITESSE 410106-00029;UN
PDR00649;ROULEMENT 32209;UN
PDR00649;ROULEMENT 32209;UN
PDR00649;ROULEMENT 32209;UN
PDR00650;MOYEU POUR POULIE MY5050/100;UN
PDR00651;COURROIE TRAPEZOIDALE B112;UN
PDR00652;COURROIE TRAPEZOIDALE B97 MEGADYNE;UN
PDR00653;COURROIE  B108;UN
PDR00654;ROULEMENT RIGIDE 63092RSC3F;UN
PDR00655;ROULEMENT 32219J;UN
PDR00656;ROULEMENT 22211EC3-F;UN
PDR00657;ROULEMENT CFBK1360B 506514;UN
PDR00658;ROULEMENT CFBK1360R 506513;UN
PDR00659;TUYAU GAZ 8-15 BLEU;M
PDR00660;TUYAU GAZ 8-15 ROUGE;M
PDR00661;FILTRE A HUILE OE650/1;UN
PDR00662;FILTRE A GASOIL M351;UN
PDR00663;FILTRE A AIR F418;UN
PDR00664;COURROIE TRAPEZOIDALE B106 MEGADYNE;UN
PDR00665;COURROIE TRAPEZOIDALE B95 MEGADYNE;UN
PDR00666;COURROIE TRAPEZOIDALE C107 MEGADYNE;UN
PDR00667;CHEVILLE MÉTALLIQUE 20X200;UN
PDR00667;CHEVILLE MÉTALLIQUE 20X200;UN
PDR00668;RESISTANCE BLINDEE A FILETAGE P/CHAUFFE-EAU 220V 2000W;UN
PDR00669;TUBE NIRON D.32;M
PDR00670;COUDE PPR 1/4 D.32 NIRON;UN
PDR00671;RACCORD F 40X1 1/4 NIRON;UN
PDR00672;REDUCTION 1P1/4x1P  CUIVRE;UN
PDR00673;"REDUCTION 1""1x1/2 CUIVRE SOBIME";UN
PDR00674;COLLIER A JOINT 32 SM;M
PDR00675;"RACCORD F 32X1"" NIRON";M
PDR00676;TUAYUX PNEUMATIQUE TECALAN 10;M
PDR00677;ARRET D'HUILE 24x40x8;UN
;;
PDR00678;TÔLE CREUSABRO  2000X1000X10MM;UN
PDR00679;PHARE SECOUR DACIA;UN
PDR00680;TÔLE NERVESCO PRÉLAQUÉE EP 0.6;M
PDR00681;TUBE CARRÉ 30X30X2X 6 M;UN
PDR00681;TUBE CARRÉ 30X30X2X 6 M;UN
PDR00682;CHEVILLE MÉTALLIQUE 8X80;UN
PDR00682;CHEVILLE MÉTALLIQUE 8X80;UN
PDR00683;TOLE NOIR 3000X1500X15;UN
PDR00683;TOLE NOIR 3000X1500X15;UN
PDR00684;CORNIERE 40X40X4 12M;UN
PDR00685;TOLE GALVANISÉE 3000X1500 12/10;UN
PDR00685;TOLE GALVANISÉE 3000X1500 12/10;UN
PDR00687;CACHE POUSSIÈRE CHARGEUR SD310;UN
PDR00688;DELETED;UN
PDR00690;DELETED;UN
PDR00691;DELETED;UN
PDR00692;DELETED;UN
PDR00693;DELETED;UN
PDR00694;DELETED;UN
PDR00695;GRAISSE LGEP2/5 ;UN
PDR00695;GRAISSE LGEP2/5 ;UN
PDR00697;DELETED;UN
PDR00698;DELETED;UN
PDR00699;COUDE DE REFOULEMENT TREMPE 125/5.5 45° GM;UN
PDR00700;TÔLE D'USURE 1CB00926;UN
PDR00701;TÔLE D'USURE 1CB00927;UN
PDR00702;TÔLE D'USURE 1CB00929;UN
PDR00703;TÔLE D'USURE 1CB00930;UN
PDR00704;TÔLE D'USURE 1CB00931;UN
PDR00705;TÔLE D'USURE DU FOND 1CB00936;UN
PDR00706;JOINTS D'ÉTANCHÉITÉ 0HO00187;UN
PDR00707;TÔLE D'USURE 1CB00928;UN
PDR00708;RONDELLE DE CLÔTURE 0HO00123;UN
PDR00710;APPAREIL DE COMMANDE MAN 81.25808-7085;UN
PDR00711;RESERVOIR A CARBURANT MAN 81.12201-5817;UN
PDR00712;COIN DE SERRAGE HP300;UN
PDR00713;COIN DE SERRAGE HP200;UN
PDR00714;JOINT T HP 200;UN
PDR00715;JEU DE CONE HP300 TC MOYEN ;UN
PDR00715;JEU DE CONE HP300 TC MOYEN ;UN
PDR00716;JEU DE CONE HP200 NOUVELLE GENERATION PLUS CONE DISTRIBUTION;UN
PDR00717;CONE FIXE SVEDALA 1360 FCA;UN
PDR00718;CONE MOBILE SVEDALA 1360 FCA;UN
PDR00719;CONE FIXE HP300 TC FIN;UN
PDR00720;CONE MOBILE HP300 STD;UN
PDR00721;UPN 180 EN 6M;UN
PDR00722;TURBINE CAOUTCHOUC 10/8;UN
PDR00723;PLAQUE D'USURE DN250 10181938 SCHWING;UN
PDR00724;ELEMENT FILTRANT PUT 551476;UN
PDR00724;ELEMENT FILTRANT PUT 551476;UN
PDR00725;BAGUE EN BRONZE 10061082 MOTEUR MALAXEUR SCHWING;UN
PDR00726;ROULEAUX NUS 89X190;UN
PDR00726;ROULEAUX NUS 89X190;UN
PDR00727;ROULEAUX NUS 89X240;UN
PDR00727;ROULEAUX NUS 89X240;UN
PDR00728;ROULEAUX NUS 89X290;UN
PDR00728;ROULEAUX NUS 89X290;UN
PDR00729;ROULEAUX NUS 89X570;UN
PDR00730;ROULEAUX NUS 89X875;UN
PDR00731;ROULEAUX NUS 89X350;UN
PDR00732;ROULEAUX AMORTISSEUR 89X350;UN
PDR00733;ROULEAUX AMORTISSEUR 89X290;UN
PDR00734;ROULEAUX NUS 89X870;UN
PDR00734;ROULEAUX NUS 89X870;UN
PDR00735;COMMANDE VANNES CP101;UN
PDR00736;MICRO SWITCH MIC23;UN
PDR00737;BOBINE DE COMMANDE BOB24DC;UN
PDR00738;CABLE ACIER 12 SKIP;M
PDR00738;CABLE ACIER 12 SKIP;M
PDR00739;DOUILLE GUIDE PUT 228361000;UN
PDR00740;BAGUE DE GUIDAGE PUT 066570008;UN
PDR00741;BRIDE PUT 053680008;UN
PDR00742;RACCORD EXPRESSE FEM DIA 19;UN
PDR00743;RACCORD EXPRESSE CANNELE DIA 19;UN
PDR00744;GRAISSEUR DROIT DAI 6X100;UN
PDR00744;GRAISSEUR DROIT DAI 6X100;UN
PDR00745;UNION METRIC DROIT 25S;UN
PDR00746;LIME PLATE NOBEL 300MM AM;UN
PDR00747;LIME RONDE NOBEL 300MM AM;UN
PDR00748;LIME CARRE NOBEL 300MM AM;UN
PDR00749;COLLIER DE SERRAGE IBIS 9MM DIA 40-60;UN
PDR00750;PISTOLET DE LAVAGE;UN
PDR00750;PISTOLET DE LAVAGE;UN
PDR00750;PISTOLET DE LAVAGE;UN
PDR00751;COLLIER DE SERRAGE DIA 7.6X340;PAC
PDR00752;CHEVILLE EN PLASTIQUE DIA 7 ;PAC
PDR00753;CHEVILLE EN PLASTIQUE DIA 8 ;PAC
PDR00754;CHEVILLE EN PLASTIQUE DIA 10 ;PAC
PDR00755;CHEVILLE EN PLASTIQUE DIA 12 ;PAC
PDR00756;EMBASE A CHEVILLE INGELEC;PAC
PDR00757;FEU POS PASTA GOLD 20LED BLANC;UN
PDR00758;LAMPE NARVA 24V 21W BA 15S;UN
PDR00759;FUSIBLE GM 100-80-60;UN
PDR00760;FEU POS LED 90X20 24V;UN
PDR00761;LAMPE NARVA H3 12V 55W PK22S;UN
PDR00762;LAMPE NARVA 12V5W ;UN
PDR00763;LAMPE NARVA H4 12V 100/90W;UN
PDR00764;DISQUE DIAMANT 230MM BOSCH;UN
PDR00765;DISQUE MOULAGE 230X6,4 TIGOR;UN
PDR00766;DISQUE DE COUPAGE 230X3,2 TIGOR;UN
PDR00767;SCOTCH PAPIER COLLANT;UN
PDR00768;ROULAUX PEINTURE PM;UN
PDR00769;RECHARGE ROULEAUX PEINTURE;UN
PDR00770;ROULEAUX PEINTURE GM;UN
PDR00771;COLLE DIVNYLE 1KG;KG
PDR00772;PALIER A SEMELLE RENFORCES MP70;UN
PDR00773;ROULEMENT DE PALIER 1075-70G;UN
PDR00774;ARRET D'HUILE 105X130X13;UN
PDR00775;GALET DE CAMES KR62PPA;UN
PDR00775;GALET DE CAMES KR62PPA;UN
PDR00776;BAVETTE ROUGE 1000X90X6;UN
PDR00777;ATTACHE PM GOUPILLE PISTE POUTRELLE;UN
PDR00778;DENT 9W8452;UN
PDR00779;AXE ET RONDELLE 9W8452;UN
PDR00780;PALIER A SEMELLE RENFORCES MP60;UN
PDR00781;COURROIE B94;UN
PDR00782;CHAUSSURE DE SECURITE P41;UN
PDR00782;CHAUSSURE DE SECURITE P41;UN
PDR00783;CHAUSSURE DE SECURITE P42;UN
PDR00783;CHAUSSURE DE SECURITE P42;UN
PDR00784;CHAUSSURE DE SECURITE P43;UN
PDR00784;CHAUSSURE DE SECURITE P43;UN
PDR00785;ROULEMENT A ROULEAUX 22211EAC3;UN
PDR00786;MANOM MGS10 63 RA 1/4 0 A 4;UN
PDR00787;ROULEMENT A ROULEAUX 22318MC4VE;UN
PDR00788;POMPE HDP 30-82 D2-34 S3 LGG/GF-N;UN
PDR00789;BOULON TRCC DIA 16X140 8.8;UN
PDR00790;BOULON TRCC DIA 18X140 8.8;UN
PDR00791;COUPELLE 70X90X12;UN
PDR00792;MACHOIRE MOBILE VB93;UN
PDR00793;MACHOIRE FIXE VB93;UN
PDR00794;MACHOIRE MOBILE TRIO 900;UN
PDR00795;JEU DE CONE HP200 STD GROS;UN
PDR00796;REDUCTION MF 1PX1P1/4 HP;UN
PDR00797;REDUCTION MF 1PX3/4 HP;UN
PDR00798;JEU DE GARNITURE CHARIOT ELEVATEUR;UN
PDR00799;TAMBOUR DE FREIN 130108-00005;UN
PDR00800;PACK DE BROSSE BALAYEUSE BO040280684 6988131;UN
PDR00801;CACHE POUSSIERE DS5502014;UN
PDR00802;FILTRE HYDRAULIQUE DF030360285 A651254;UN
PDR00803;RELAIS DE DEMARREUR 301206-00028;UN
PDR00804;CONTACT DE DEMARRAGE 130705-00648A;UN
PDR00805;MOTEUR ELECTRIQUE 10CV 1500TR/MN B5 CITI;UN
PDR00806;BAGUE INF HP300 1022145975;UN
PDR00807;LANOUR STEEL HUILE PISTE POUTRELLE;L
PDR00808;BLINDAGE BATRI HP 200;UN
PDR00809;BLINDAGE DE BRAS HP 200;UN
PDR00810;BLINDAGE CONTRE ARBRE HP200;UN
PDR00811;BOULON CARRE DIA 30X650;UN
PDR00812;DELETED;KG
PDR00813;ARRET D'HUILE 24X42X6;UN
PDR00814;VIS HR 12X40 8,8;UN
PDR00815;VIS HR 12X50 8.8;UN
PDR00815;VIS HR 12X50 8.8;UN
PDR00816;VIS HR 12X60 8.8;UN
PDR00816;VIS HR 12X60 8.8;UN
PDR00817;VIS HR 12X30 8.8;UN
PDR00818;FORET CONIQUE DIAM 26;UN
PDR00819;POMPE NETTOYEUR H.P 7,5 KW 200 BAR;UN
PDR00820;ARRET D'HUILE 55X100X10;UN
PDR00821;ARRET D'HUILE 55X80X8;UN
PDR00822;MOTEUR 45KW 3000T/MIN MARQUE OMEC;UN
PDR00823;POMPE ROQUEST 1 PLA 36 DE 10R;UN
PDR00824;RADIATEUR MA 942 500 3503;UN
PDR00825;RELAIS A BROCHE 12 BROCHE 24 V AC;UN
PDR00826;DISJONCTEUR 1P 16P;UN
PDR00827;DISJONCTEUR 1P 10P;UN
PDR00828;ELEMENT FILTRANT PUT 534896;UN
PDR00828;ELEMENT FILTRANT PUT 534896;UN
PDR00829;PANNEAUX 1880X500 CYCLONE;UN
PDR00830;TUYAU DE PRESSION 75 16 BAR;M
PDR00831;COUDE PRESSION FERME 75;UN
PDR00832;MOUNCHON DE PRESSION DIAM 75;UN
PDR00833;MONCHON MF 1/2 PRESSION;UN
PDR00834;ROBINET SERVICE 1/2 ;UN
PDR00834;ROBINET SERVICE 1/2 ;UN
PDR00834;ROBINET SERVICE 1/2 ;UN
PDR00835;TUBE PVC HP 16 BAR SPLAST;M
PDR00836;COLLIER DE SERRAGE 200-220;UN
PDR00837;POMPE DE DIRECTION ISUZU D MAX;UN
PDR00838;COLLIER DE SERRAGE 160-180;UN
PDR00839;COLLIER DE SERRAGE 70-90;UN
PDR00840;COLLIER DE SERRAGE 60-80;UN
PDR00841;COLLIER DE SERRAGE 50-70;UN
PDR00842;COLLIER DE SERRAGE 92-97;UN
PDR00843;COLLIER DE SERRAGE 131-139;UN
PDR00844;COLLIER DE SERRAGE 56-59;UN
PDR00845;COLLIER DE SERRAGE 220-240;UN
PDR00846;COLLIER DE SERRAGE 12-20;UN
PDR00847;COLLIER DE SERRAGE 120-140;UN
PDR00848;CLE MIXTE 10MM;UN
PDR00848;CLE MIXTE 10MM;UN
PDR00849;CLE MIXTE  13MM;UN
PDR00849;CLE MIXTE  13MM;UN
PDR00850;CLE MIXTE  17MM;UN
PDR00850;CLE MIXTE  17MM;UN
PDR00851;CLE MIXTE 19MM;UN
PDR00851;CLE MIXTE 19MM;UN
PDR00852;CLE MIXTE  22MM;UN
PDR00853;CLE MIXTE  24MM;UN
PDR00853;CLE MIXTE  24MM;UN
PDR00854;CLE MIXTE  30MM;UN
PDR00855;CLE MIXTE  36MM;UN
PDR00856;COUDE DE REFOULEMENT 150/6.0 90° PUT 292079001;UN
PDR00857;TUYAU DE REFOULEMENT 3120MM PUT 556076 P42;UN
PDR00858;THERMOSTAT 10 À 90° C PL: 100MM;UN
PDR00859;PT 100 DE TEMPERATURE;UN
PDR00860;TCP MAILLE 22 FIL 5 DIM. 1300X 1840;UN
PDR00861;TCP MAILLE 15 FIL 4 DIM. 1300X 1840;UN
PDR00862;TCP MAILLE 8 FIL 3 DIM. 1300X1840;UN
PDR00863;TCP MAILLE 5 FIL 2,5 DIM 1300X1840;UN
PDR00864;JOINT MALAXEUR PTZ 242574006;UN
PDR00865;BAGUE EN BRONZE PTZ 22248006;UN
PDR00866;LIP SEAL RING 065345001;UN
PDR00867;POMPE A EAU CAMION MALAXEUR 1054000000;UN
PDR00868;SERURRE MODEL FF 12;UN
PDR00869;CANEAU 5 CLE;UN
PDR00870;BURIN A MAIN ;UN
PDR00870;BURIN A MAIN ;UN
PDR00871;TRUELLE PM;UN
PDR00871;TRUELLE PM;UN
PDR00872;TRUELLE GM;UN
PDR00872;TRUELLE GM;UN
PDR00873;BOITE CARREE PRISE;UN
PDR00874;TUYAU PVC DIAM 100 ORANGE;M
PDR00875;BROSSE EN PLASTIQUE;UN
PDR00876;PNEU 6.50.10 PLEIN;UN
PDR00877;PNEU 28.9.15 PLEIN;UN
PDR00878;BOITE A JOINT TORIQUE 5A;UN
PDR00879;BOITE A JOINT TORIQUE 5B;UN
PDR00880;FLECTEUR DIAM EXT 74H20;UN
PDR00881;BOITE A JOINT 207 PC EN VITON;UN
PDR00882;COLLIER COLSON DIAM 3,6X200;UN
PDR00883;COLLIER COLSON DIAM 3,5X350;UN
PDR00884;COLLIER COLSON TRK DIAM 43,6X280;UN
PDR00885;COLLIER DE SERRAGE 40-60;UN
PDR00886;COLLIER A JOUREE 74-79;UN
PDR00887;COLLIER DE SERRAGE 16*25;UN
PDR00888;COLLIER A JOUREE 162-174;UN
PDR00889;COLLIER A JOUREE 32-35;UN
PDR00890;JEU DE BALAIS BOSH CWS 116/125;UN
PDR00890;JEU DE BALAIS BOSH CWS 116/125;UN
PDR00891;JEU DE BALAIS BOSH CWS 230;UN
PDR00891;JEU DE BALAIS BOSH CWS 230;UN
PDR00892;ETUI DE 10 LAMES CUTTEUR;UN
PDR00893;AXE MALAXEUR PTZ L: 285 MM REF : 275587002;UN
PDR00894;POMPE SNT 80-315;UN
PDR00895;CLE PNEU 32-33;UN
PDR00896;LAMPE NARVA 24V.5W W2,1X9,5D;UN
PDR00897;RACORD RAPID 6;UN
PDR00898;SUPPORT CARDAN MAN 8/4;UN
PDR00898;SUPPORT CARDAN MAN 8/4;UN
PDR00899;MANETTE BENNE;UN
PDR00900;FORET HSS DIA 16;UN
PDR00901;GANT EN CUIR ROUGE POUR SOUDEUR;UN
PDR00901;GANT EN CUIR ROUGE POUR SOUDEUR;UN
PDR00902;CONSORFLOC A40;KG
PDR00903;GANT VENNER;UN
PDR00903;GANT VENNER;UN
PDR00904;BOULON ASSEMBLAGE MAN;UN
PDR00905;TUBE NOIR GRANDE EPAISSEUR 3P 5,8M;M
PDR00906;POMPE 50/200/11;UN
PDR00907;BRIDE DN 50 AVEC MONCHON;UN
PDR00908;BRIDE DN 65 AVEC MONCHON;UN
PDR00909;BOULON DIAM 30X120 8.8;UN
PDR00910;BOULON DIAM 27X120 8.8;UN
PDR00911;TUYAU R/CIMENT 10BAR 90X102;UN
PDR00912;BRZ-1/2-SYMETRIQUE 3' 90;UN
PDR00913;"BRZ-JONCTION A/V F 3""";UN
PDR00914;FILTRE A HUILE MAN TGA TGS;UN
PDR00915;FILTRE A GASOIL MAN TGA TGS;UN
PDR00916;LAME 1 AUX MITSUBISHI FK EP 11;UN
PDR00917;LAME 3 AR MITSUBISHI FK RENFORCE;UN
PDR00918;LAME 3 AR MITSUBISHI FK;UN
PDR00919;BRIDE 150X70X14 C F80;UN
PDR00920;BRIDE 400X77X18 CF70;UN
PDR00921;BOULON M11X300T (16X10,8) F230;UN
PDR00922;BOULON 09.50X150 AV CANTER /AV NPR;UN
PDR00923;SOUPAPE DE REGLAGE AVEC VIS (UNITE DE MESURE TGS 480);UN
PDR00923;SOUPAPE DE REGLAGE AVEC VIS (UNITE DE MESURE TGS 480);UN
PDR00924;VALVE LIMITATION DE PRESSION(CLAPET) 51.10304-0249;UN
PDR00925;VALVE LIMITATION DE PRESSION(CLAPET) 51.10304-0300;UN
PDR00926;APPAREIL DE COMMANDE;UN
PDR00927;COUDE DE TUYAU DE REFOULEMENT;UN
PDR00928;JOINT 51.05904-0194;UN
PDR00929;JOINT 81.96601-0689;UN
PDR00930;SEGMENT D ARRET 80X3.10;UN
PDR00931;SOUPAPE REGULATION PRESSION;UN
PDR00932;CONDUITE DE PURGE;UN
PDR00933;COMBINE D INSTRUMENTS;UN
PDR00934;ELEMENT FILTRANT HUILE MOTEUR;UN
PDR00935;FILTRE A GASOIL;UN
PDR00936;CHARNIERE DE PORTE SUP;UN
PDR00937;ROBINET DE BATTERIE;UN
PDR00938;CIMPAS A GAZ;UN
PDR00939;COMPAS A GAZ 320N;UN
PDR00940;FAISCEAU D INJECTEUR MAN TGA TGS;UN
PDR00941;POMPE AMORÇAGE DIESEL;UN
PDR00942;CYLINDRE DE COU;UN
PDR00943;BAGUE D ETANCHEITTE;UN
PDR00944;ARBRE TETE BOITE A VITESSE;UN
PDR00945;ARRET D HUILE;UN
PDR00946;TENDEUR DE COURROIE EVECO;UN
PDR00947;COURROIE 5802102048;UN
PDR00948;ETRIER DE FREIN D;UN
PDR00949;CARCASSE POMPE A EAU MAN TGA 400;UN
PDR00950;COIN PARCHOC TGS DROIT;UN
PDR00951;COIN PARCHOC TGS GAUCHE;UN
PDR00952;COIN PARCHOC TGA DROIT;UN
PDR00953;COIN PARCHOC TGA GAUCHE;UN
PDR00954;FILTRE A HUILE MECEDES;UN
PDR00955;SILENT BLOC BARRE V MAN;UN
PDR00956;APPAREIL D AIR (APP 4 VOIES);UN
PDR00956;APPAREIL D AIR (APP 4 VOIES);UN
PDR00957;DECLENCHEUR COMPLET MAN;UN
PDR00958;FEU DE SIGNAL BLANC;UN
PDR00959;POIGNET DE PORTE GAUCHE;UN
PDR00960;FILTRE A AIR IVECO;UN
PDR00961;FILTRE A HUILE IVECO;UN
PDR00962;FILTRE A GASOIL IVECO;UN
PDR00963;VERRE DE FILTRE A GASOIL;UN
PDR00964;KIT REPARATION DECLENCHEUR MERCEDES;UN
PDR00965;KIT REPARATION EBS MERCEDES;UN
PDR00966;BAGUE HP R1R2 5/16;UN
PDR00966;BAGUE HP R1R2 5/16;UN
PDR00967;BAGUE HP R1 R2 3/8;UN
PDR00968;BAGUE HP R1 R2 1/2;UN
PDR00969;COUPLEUR HYDROLIQUE 1/2;UN
PDR00969;COUPLEUR HYDROLIQUE 1/2;UN
PDR00970;COUPLEUR HYDROLIQUE 3/8;UN
PDR00971;COUPLEUR HYDROLIQUE PLAT 1/2;UN
PDR00972;MAMELON HP RED 1/4X1/8;UN
PDR00973;MZ 08X15X22 A;UN
PDR00974;NJ 04 X 04;UN
PDR00975;NU 04X04;UN
PDR00976;NU 06X06;UN
PDR00977;RO 05-10-16 A;UN
PDR00978;RO 05-12-20 A;UN
PDR00979;RO 08-15-22 A;UN
PDR00980;RO 90° 08-15-22A;UN
PDR00981;RZ 04X08;UN
PDR00982;TUYAU R2 1;M
PDR00982;TUYAU R2 1;M
PDR00982;TUYAU R2 1;M
PDR00983;TUYAU R2 3/8;M
PDR00983;TUYAU R2 3/8;M
PDR00984;UA HP 15L;UN
PDR00985;UA HP 6L;UN
PDR00986;UA HP 6S;UN
PDR00987;KIT DE REPARATION SUSPENSION MAN TGS (020.503);UN
PDR00988;SILENT BLOC STABILISATRICE MAN TGS (020.039);UN
PDR00989;SILENT BLOC BARRE V MAN TGS 100X25X152 (010.672);UN
PDR00990;CAL SILENCIEUSE MAN 120X90X20 (020.254);UN
PDR00991;SILENT BLOC AR TRACTEUR MAN TGS 6X4 (020.215);UN
PDR00992;DISTRIBUTEUR PNEUMATIQUE V5V80;UN
PDR00993;BRIDE 484731 MALAXEUR POMPE A BETON;UN
PDR00994;MOYEU AR MAN TGS;UN
PDR00995;ROTULE DIRECTION DROITE 27,5 MM;UN
PDR00996;ROTULE DIRECTION GAUCHE 27,5 MM;UN
PDR00997;SUPPORT CARDAN;UN
PDR00998;VANNE A BILLE 1 POUCE;UN
PDR00999;CABLE SOUPLE 2x2.5;M
PDR01000;ARROSOIR;UN
PDR01000;ARROSOIR;UN
PDR01001;COFFRET CLIQUET 1/2;UN
PDR01002;ROULEMENT 22318 EF 800;UN
PDR01003;COURROIE TRAPEZOIDALE SPC2120;UN
PDR01004;PAUMELLE MODE SPAIN 120/16;UN
PDR01005;SERRURE APPARENT.12-FF;UN
PDR01005;SERRURE APPARENT.12-FF;UN
PDR01006;FEU AR DACIA GHAUCHE;UN
PDR01007;SCOTCH 321 20P;UN
PDR01008;COSSE A SERTIR D4;UN
PDR01009;FUSIBLE A LAME;UN
PDR01010;TRIANGLE DE PANNE GM;UN
PDR01011;COSSE DE BATTERIE;UN
PDR01011;COSSE DE BATTERIE;UN
PDR01012;CONTACT PRECHAUFFAGE GM;UN
PDR01013;ROULEMENT 6204-2Z;UN
PDR01014;ROULEMENT 6203-2Z;UN
PDR01014;ROULEMENT 6203-2Z;UN
PDR01015;ANTIGEL 5L;L
PDR01016;FILTRE A HUILE Z418;UN
PDR01017;FILTRE A AIR R506;UN
PDR01018;CONE MOBILE HP200 STD GROS ENCIEN GENERATION;UN
PDR01019;CONE MOBILE HP200 STD GROS NOUVELLE GENERATION;UN
PDR01020;CONE FIXE HP200 STD GROS ENCIEN GENERATION;UN
PDR01022;RONDELLE CONE HP200 ;UN
PDR01022;RONDELLE CONE HP200 ;UN
PDR01023;CHAPEAU CONE HP200  ;UN
PDR01023;CHAPEAU CONE HP200  ;UN
PDR01024;RONDELLE CONE HP200 STD GROS NOUVELLE GENERATION;UN
PDR01025;CHAPEAU CONE HP200 STD GROS NOUVELLE GENERATION;UN
PDR01026;CONE  FIXE SANDVIK 1360 FCA;UN
PDR01027;CONE MOBILE SANDVIK 1360 FCA;UN
PDR01028;RONDELLE CONE SANDVIK 1360 FCA;UN
PDR01029;CHAPEAU CONE SANDVIK  1360FCA;UN
PDR01030;RONDELLE PLATE 16X30;UN
PDR01031;RONDELLE PLATE 18X30;UN
PDR01031;RONDELLE PLATE 18X30;UN
PDR01032;VIS HR FILETE 24X100 8.8;UN
PDR01033;RONDELLE PLATE 24X40;UN
PDR01033;RONDELLE PLATE 24X40;UN
PDR01034;SERVO PIPE;UN
PDR01035;COLIER - VOLVO;UN
PDR01036;HOSE - VOLVO;UN
PDR01037;REDUCTION SCHWING L:1460MM;UN
PDR01038;RONDELLE PLATE 12X30;UN
PDR01039;MANCHON FF 1/2 CUIVRE;UN
PDR01040;REDUCTION 1/2x1/4 CUIVRE;UN
PDR01041;VIS BTR 14X50 8.8;UN
PDR01042;ROULEMENT A BILLE 6203 2RS;UN
PDR01042;ROULEMENT A BILLE 6203 2RS;UN
PDR01043;CHARGEUR 12V 2A;UN
PDR01044;PNEUS 385 REGIOTONE 3 FAULDA;UN
PDR01045;TUBE RECTANGULAIRE 60X40X2 6M;UN
PDR01045;TUBE RECTANGULAIRE 60X40X2 6M;UN
PDR01045;TUBE RECTANGULAIRE 60X40X2 6M;UN
PDR01046;TUBE CARRE 70X70X2 6M;UN
PDR01046;TUBE CARRE 70X70X2 6M;UN
PDR01047;PANNEAU SOUDE VERT 2.5Mx2M FIL 5MM;UN
PDR01048;TUBE RECTANGULAIRE 40X20X2;UN
PDR01049;PNEU 315/80R22,5 TRACMAX GRT880;UN
PDR01050;PARE BRISE MAN TGA;UN
PDR01051;FAISCEAU DE CABLAGE;UN
PDR01052;VENTILATEUR DF020700014;UN
PDR01053;PLAQUE LIMITATION VITESSE;UN
PDR01053;PLAQUE LIMITATION VITESSE;UN
PDR01053;PLAQUE LIMITATION VITESSE;UN
PDR01054;DECARBONISEUR;UN
PDR01055;ECROU TH HR 06;UN
PDR01056;ECROU TH HR 08;UN
PDR01057;ECROU TH HR DIA 12;UN
PDR01058;BOULON 08X70 6.8;UN
PDR01059;BOULON 10X40 6.8;UN
PDR01060;RONDELLE 06X30 CADMI;UN
PDR01061;RONDELLE 08X30 CADMIE;UN
PDR01062;RONDELLE 10X30 CADMIE;UN
PDR01063;RONDELLE 14X30 CADMIE;UN
PDR01064;VIS POELIER 4X40 CADMIE;UN
PDR01065;ROUE PIVO AVEC FREIN DIA100;UN
PDR01065;ROUE PIVO AVEC FREIN DIA100;UN
PDR01066;FORET HSS DIA4 ;UN
PDR01067;FORET HSS DIA5;UN
PDR01067;FORET HSS DIA5;UN
PDR01068;FORET HSS DIA6 ;UN
PDR01069;TURBO MAN TGA TGS 400;UN
PDR01069;TURBO MAN TGA TGS 400;UN
PDR01070;POIGNET LEVIER VITESSE MAN TGS;UN
PDR01071;POMMEAU LEVIER VITESSE TGA TGS;UN
PDR01072;CROISILLON CARDAN 52X147,3 - 2790,57;UN
PDR01073;NECESSAIRE BOITE DIRECTION;UN
PDR01074;DISQUE D EMBRAYAGE MAN TGS 480;UN
PDR01075;POSTE SOUDEUR 220V;UN
PDR01075;POSTE SOUDEUR 220V;UN
PDR01076;CHAUFFAGE ELECTRIQUE BAIN 2000W;UN
PDR01077;PRISE 2P+T ETANCHE GRIS CLAIR 4866A;UN
PDR01077;PRISE 2P+T ETANCHE GRIS CLAIR 4866A;UN
PDR01078;CABLE RVK 0-6/1KV 4X16MM;M
PDR01079;MANCHON A SERTIR 16MM;UN
PDR01080;MANCHON A SERTIR 10MM;UN
PDR01081;CHEMIN DE CABLE EN FIL 200X60 BMP;M
PDR01082;DISJ 1P+N 16A EASY SHNEIDER EZ9P32616;UN
PDR01083;VOYANT LED   220V RVJ;UN
PDR01084;MANCHON A SERTIR 25MM;UN
PDR01085;BOITE DE JONCTION CM1;UN
PDR01086;BOITE DE JONCTION CM2;UN
PDR01087;DISJ 1P+N 32A EASY SHNEIDER EZ9P32632;UN
PDR01088;ROULEMENT 4.054;UN
PDR01089;COUPELLE G45X55X6AF;UN
PDR01089;COUPELLE G45X55X6AF;UN
PDR01090;VIS DIA 20X80 8.8;UN
PDR01091;ECROU TH HR DIA 20;UN
PDR01092;TIGE FILETEE NOIR DIA 20;UN
PDR01092;TIGE FILETEE NOIR DIA 20;UN
PDR01093;MANCHETTE 550X1000 EP4MM;UN
PDR01094;CHAUSSURE DE SECURITE P44;UN
PDR01095;GANT ANTI COUPURE ;UN
PDR01095;GANT ANTI COUPURE ;UN
PDR01095;GANT ANTI COUPURE ;UN
PDR01096;CHAUSSURE DE SECURITE P45;UN
PDR01097;HUILE TITAN ZH4300 BC 1L;L
PDR01098;VALVE LIMITATION DE PRESSION (95);UN
PDR01098;VALVE LIMITATION DE PRESSION (95);UN
PDR01099;CARCASSE REDUCTEUR;UN
PDR01100;COURROIE 8PK2642;UN
PDR01101;FILTRE A AIR R239;UN
PDR01102;BOUTON 1P;UN
PDR01103;CEINTURE DE SECURITE;UN
PDR01104;FILTRE A GASOIL;UN
PDR01104;FILTRE A GASOIL;UN
PDR01105;PISTOLET DE SILICONE;UN
PDR01105;PISTOLET DE SILICONE;UN
PDR01106;DELETED;KG
PDR01107;POMPE DE FREIN DF010690012;UN
PDR01108;ORBITROL DF060260002;UN
PDR01109;DISQUE TACHYGRAPHE;UN
PDR01110;FILTRE CHASSIS MAN TGS 400;UN
PDR01111;PORTE SATELITTE;UN
PDR01112;PORTE SATELITTE;UN
PDR01113;PLAQUETTE DE FREIN MERCEDES;UN
PDR01114;PINCE COUPANT;UN
PDR01114;PINCE COUPANT;UN
PDR01115;CLE PIPE 13;UN
PDR01115;CLE PIPE 13;UN
PDR01116;CLE PIPE 10;UN
PDR01116;CLE PIPE 10;UN
PDR01117;DISQUE 60;UN
PDR01118;COLLE FLAMBO;UN
PDR01118;COLLE FLAMBO;UN
PDR01119;SCOTCH ARME;UN
PDR01119;SCOTCH ARME;UN
PDR01120;REGARNISAGE DISQUE EMBRAYAGE;UN
PDR01121;RONDELLE 430X240X4;UN
PDR01122;RACCORD RAPIDE 6;UN
PDR01123;REDUCTEURE RAPIDE 6-8;UN
PDR01124;PEINTURE BLANC;KG
PDR01125;PEINTURE NOIR;KG
PDR01126;PEINTURE GRIS ;KG
PDR01127;PEINTURE RAYON ALUMINIUM;KG
PDR01128;PEINTURE SPRAY;UN
PDR01128;PEINTURE SPRAY;UN
PDR01129;PEINTURE IVOIR DE CHAINE;KG
PDR01134;PEINTURE GRIS ANTIROUILLE;KG
PDR01134;PEINTURE GRIS ANTIROUILLE;KG
PDR01137;BOUTEILLE SIKA BOOM;UN
PDR01139;ROTULE GE17 ES2RS;UN
PDR01140;CIRCLIPS EXT 30;UN
PDR01141;CIRCLIPS EXT 31;UN
PDR01142;CIRCLIPS INT 55;UN
PDR01143;MANOMETRE MGS10 DN 63 1/4G 600B;UN
PDR01144;RACCORD RAPIDE EGALE 12 MM;UN
PDR01145;RACCORD UNION INEGALE 10-12;UN
PDR01146;RACCORD UNION INEGALE 8-10;UN
PDR01147;COUDE 1/4 32 PVC SP;UN
PDR01148;TUBE PVC EVACUATION 32 SPLAST;M
PDR01149;CHARBON MEULEUSE 1.607014176;UN
PDR01150;VIS TIRFOND DIA 8X60;UN
PDR01151;VIS TIRFOND DIA 6X60;UN
PDR01152;FORET HSS DIA 3;UN
PDR01153;TARAUDS STD DIA 3X50;UN
PDR01154;MASSETTTE 800G;UN
PDR01155;LAMPE NARVA 12V 21W;UN
PDR01156;ROULEMENT 6311;UN
PDR01157;ROULEMENT 6202;UN
PDR01158;ROULEMENT 6535Q;UN
PDR01159;ROULEMENT 6580/6535;UN
PDR01160;CRIC 30T;UN
PDR01161;CLAPET D AIR 3/8;UN
PDR01162;POMPE A EAU 1.5 HP;UN
PDR01163;VIS HR 12X45 8.8 PAS 150;UN
PDR01164;ECROU DIA 12 PAS 150;UN
PDR01165;VIS HR DIA 14X45 8.8 PAS 150;UN
PDR01166;ECROU DIA 14 PAS 150;UN
PDR01167;VIS HR 14X40 8.8;UN
PDR01168;VIS HR 14X60 8.8;UN
PDR01169;PLAQUE LIMITATION VITESSE 80 G.M;UN
PDR01170;RAIL MUPRO 30X15;M
PDR01171;VIS A RONDELLE 5X12  POUR RAIL MUPRO;UN
PDR01172;ECROU COULISSANT DE 5 SHN/D25ME9 POUR RAIL MUPRO;UN
PDR01173;CHARBON B14Z1 DIM 5X32X35MM;UN
PDR01174;VIS HR 24X120 8.8;UN
PDR01175;JEU DE TARAUDS STD DIA 4X70;UN
PDR01176;VERROU PISTOLET 20CM;UN
PDR01177;VERROU PISTOLET 25CM;UN
PDR01178;POINT ACIER DIA 6;KG
PDR01179;POINT ACIER DIA 8;KG
PDR01180;BROUITTE;KG
PDR01181;ROULEAU PLASTIQUE;UN
PDR01182;MESURE 5M DECAMETRE;UN
PDR01182;MESURE 5M DECAMETRE;UN
PDR01183;Fuel N°7;T
PDR01184;BATTERIE TELECOMMANDE PUTZ;UN
PDR01185;CHARGEUR BATTERIE PUTZ;UN
PDR01186;GLACE PHARE SECOUR MAN TGS  GAUCHE;UN
PDR01187;FILTRE DECLENCHEUR;UN
PDR01188;FILTRE A GASOIL CHASSIS 480;UN
PDR01189;CAGE SATELITTE MAN TGA 400;UN
PDR01190;TURBINE CAOUTCHOUC 8/6;UN
PDR01191;DENT 1U3352;UN
PDR01192;CEINTURE TELECOMMANDE PUTZ;UN
PDR01193;PANNEAUX M5 FIL 2.5 DIM 1600X1940;UN
PDR01194;PANNEAUX M5 FIL 2.5 DIM 1400X1940;UN
PDR01195;PANNEAUX M8 FIL 3 DIM 1400X1940;UN
PDR01196;PANNEAUX M8 FIL 3 DIM 1600X1940;UN
PDR01197;MEMBRANE TYPE 30 LONGUE;UN
PDR01198;MEMBRANE TYPE 30 COURT;UN
PDR01199;POMPE A EAU 30679;UN
PDR01200;SOUPAPE DE REGLAGE;UN
PDR01201;FEU AR MAN GAUCHE;UN
PDR01202;FEU AR MAN DROIT;UN
PDR01203;RACLETTE ESSUIE GLACE;UN
PDR01204;JOINT 51.08901-0370;UN
PDR01205;BROSSE MEULEUSE GM;UN
PDR01206;BROSSE MEULEUSE PM;UN
PDR01207;FLEXIBLE POMPE A GRAISSE;UN
PDR01208;EMBOUT DE GRAISSE;UN
PDR01208;EMBOUT DE GRAISSE;UN
PDR01209;COLLE HELMTINE 14030 AVEC DURCISSEUR;UN
PDR01210;FILTRE A AIR WA6429;UN
PDR01210;FILTRE A AIR WA6429;UN
PDR01211;COURROIE 13X1250;UN
PDR01212;GANT SECU12402;UN
PDR01213;"VANNE A BILLE 1""""1/4";UN
PDR01214;APREST CELLULOSIQUE BLANC 1KG;UN
PDR01215;TUYAUX PNEUMATQUE TECALAN 04X06 NOIR;M
PDR01216;ECROU AXE FUWA;UN
PDR01218;ALARM STEEL MATE;UN
PDR01219;HOUSSE;UN
PDR01220;CATAPHOTE AR DACIA;UN
PDR01221;POMPE AMORCAGE 2447222126;UN
PDR01222;NECESSAIR POMPE INJECTION;UN
PDR01223;CONTACT DEMARRAGE;UN
PDR01226;GARNITURE PATIN ISUZU;UN
PDR01227;PNEU 215/70R15 ;UN
PDR01227;PNEU 215/70R15 ;UN
PDR01228;VANNE A BILLE 1/2 CUIVRE;UN
PDR01229;TEFLON;UN
PDR01229;TEFLON;UN
PDR01229;TEFLON;UN
PDR01230;VISEUSE A BATTERIE;UN
PDR01231;JEU D EMBOUTS DE VISSEUSE 100 PCS;UN
PDR01232;BOTTES DE SECURITE;UN
PDR01232;BOTTES DE SECURITE;UN
PDR01233;POMPE DOUBLE 23/18;UN
PDR01233;POMPE DOUBLE 23/18;UN
PDR01234;CHAINE ASA60 BOBCAT;M
PDR01235;VIS BTR DIA 10X30;UN
PDR01236;VIS BTR DIA 10X50;UN
PDR01237;VIS BTR DIA 24X150 8.8;UN
PDR01238;ECROU FREIN 24;UN
PDR01239;SERIE AMBO DIVERS 100 PCS;UN
PDR01240;APRET;UN
PDR01241;DISQUE DE COUPAGE 400X4;UN
PDR01242;REFLECTEUR TRIAGULAIRE H 134MM;UN
PDR01242;REFLECTEUR TRIAGULAIRE H 134MM;UN
PDR01243;CADNAT 50MM;UN
PDR01243;CADNAT 50MM;UN
PDR01244;CADNAT 60MM;UN
PDR01244;CADNAT 60MM;UN
PDR01245;MANCHETTE PISTON D250 PUT274904000;UN
PDR01246;BAGUE DE GUIDAGE 250PUT275059006;UN
PDR01247;FER PLAT 25X4 6M;UN
PDR01248;ARRET D HUILE BOITE VITESSE DL420A;UN
PDR01249;FORET HSS D10;UN
PDR01250;TOLE NOIR 2000X1000X1.5;UN
PDR01250;TOLE NOIR 2000X1000X1.5;UN
PDR01251;FORET HSS D12;UN
PDR01252;VIS TIREFOND 5X40;UN
PDR01252;VIS TIREFOND 5X40;UN
PDR01253;FORET HSS D14;UN
PDR01254;SOUPAPE DE REGLAGE AVEC VIS 51.12505-6001;UN
PDR01255;FORET SDS BETON PLUS 4T 6X100X160;UN
PDR01256;MASQUE FACIAL DE PROTECTION;UN
PDR01257;PINCE AMPEREMETRIQUE;UN
PDR01258;AGRAFE DE GARNITURE;UN
PDR01259; ROULEAUX ISOGRIS DIA 20;UN
PDR01259; ROULEAUX ISOGRIS DIA 20;UN
PDR01260; ROULEAUX GAINE GRIS DIA 25;UN
PDR01261;COUDE PVC DIA 200;UN
PDR01262;CAISSON MARCHE PIED MAN TGS DROIT;UN
PDR01263;CAISSON MARCHE PIED MAN TGS GAUCHE;UN
PDR01264;DEMMAREUR DEUTZ 12V;UN
PDR01265;FEU AR MAN TGS DROIT;UN
PDR01266;FEU AR MAN TGS GAUCHE;UN
PDR01267;POCHETTE RODAGE MAN TGS;UN
PDR01268;BRANCHEMENT ELECTRIQUE;UN
PDR01269;KIT CONNEXION;UN
PDR01270;"TUYAU 1""1/4 R2";M
PDR01271;"BAGUE DE FLEXIBLE 1""1/4 R2";UN
PDR01272;GOUPELLE AXE FUSEE;UN
PDR01273;COURROIE 12PK2140;UN
PDR01274;FILTRE A HUILE 3223155;UN
PDR01275;FILTRE A GASOIL 360-8960;UN
PDR01276;FILTRE A GASOIL 4385386 CAT;UN
PDR01277;FILTRE A AIR R473;UN
PDR01278;FILTRE A AIR R474;UN
PDR01279;POMPE DE GRAISSAGE HDP30.82D2-34S3LGG/GFN ;UN
PDR01280;MASQUE DE SOUDEUR;UN
PDR01281;ROULEMENT BOITE A VITESSE;UN
PDR01282;DEGAGEUR GM;UN
PDR01283;FORET SDS BETON 10;UN
PDR01284;FORET SDS BETON 12;UN
PDR01285;KIT SYNCHRO 3/4;UN
PDR01286;KIT SYNCHRO 1/2;UN
PDR01287;KIT EMBRAYAGE VALEO TGS 400;UN
PDR01288;CABLE ACIER DIA 10 SKIP;M
PDR01288;CABLE ACIER DIA 10 SKIP;M
PDR01289;CABLE ACIER DIA 14  SKIP;M
PDR01290;CABLE ACIER DIA 16   SKIP;M
PDR01290;CABLE ACIER DIA 16   SKIP;M
PDR01291;COULERETTE A SOUDER;UN
PDR01292;BOUTON;UN
PDR01293;CATAPHOTE ROND;UN
PDR01294;LUNETTE DE PROTECTION NOIR;UN
PDR01294;LUNETTE DE PROTECTION NOIR;UN
PDR01294;LUNETTE DE PROTECTION NOIR;UN
PDR01295;CORDE;KG
PDR01295;CORDE;KG
PDR01296;COLLE SPECIALE;UN
PDR01296;COLLE SPECIALE;UN
PDR01297;PISTOLET DISTRIBUTEUR DE GASOIL 1P;UN
PDR01298;RELAIS DEMAREUR;UN
PDR01299;BAGUETTE DE SOUDAGE DIA 4;UN
PDR01299;BAGUETTE DE SOUDAGE DIA 4;UN
PDR01300;SANTOFER;UN
PDR01300;SANTOFER;UN
PDR01301;"VANNE 2""";UN
PDR01302;BROSSE RONDE;UN
PDR01303;DISQUE DE COUPAGE 230X1,9;UN
PDR01303;DISQUE DE COUPAGE 230X1,9;UN
PDR01303;DISQUE DE COUPAGE 230X1,9;UN
PDR01304;DISQUE ABRASSIF MOULURE  125MM;UN
PDR01305;RESSORT AR FUWA 16T 12L;UN
PDR01306;KIT ORING 4C4784 WG;UN
PDR01307;MANOGONFLAGE;UN
PDR01308;FILTRE A GASOIL DACIA DUSTER;UN
PDR01309;FILTRE A HUILE DACIA DUSTER;UN
PDR01310;HUILE C3 5W40  5L;UN
PDR01311;TURBO DI020721160;UN
PDR01312;CYLINDRE DE BOIT A VITESSE;UN
PDR01313;KIT SYNCHRO 3/4;UN
PDR01314;AZOTE 10M3;UN
PDR01315;COLLE GIRATOIR PLUS DURCISSEUR;KG
PDR01316;ROULEMENT UC212;UN
PDR01316;ROULEMENT UC212;UN
PDR01316;ROULEMENT UC212;UN
PDR01317;BATTERIE M14;UN
PDR01318;VIS HR DIA 6X40 8.8;UN
PDR01318;VIS HR DIA 6X40 8.8;UN
PDR01319;COURROIE ALTERNATEUR DACIA DUSTER;UN
PDR01320;TENDEUR COURROIE DACIA DUSTER;UN
PDR01321;AIMANT PERMANENT ;UN
PDR01321;AIMANT PERMANENT ;UN
PDR01322;ROULEMENT 3311 A/C3;UN
PDR01322;ROULEMENT 3311 A/C3;UN
PDR01323;ROULEMENT 30320;UN
PDR01323;ROULEMENT 30320;UN
PDR01324;ARRET D HUILE 90X120X12 VITON;UN
PDR01325;ARRET D HUILE 110X130X12 VITON;UN
PDR01325;ARRET D HUILE 110X130X12 VITON;UN
PDR01326;ARRET D HUILE 110X130X13 VITON;UN
PDR01327;RACCORD SYMETRIQUE BRZ FEM DN80 3P;UN
PDR01328;VIS AUTO-PERCEUSE DIA 6,3X130;UN
PDR01329;KIT GV;UN
PDR01330;CRAI BLANC DE TOLIER;UN
PDR01331;COLLIER COLSON 7.6X265;UN
PDR01332;COLLIER COLSON 3,6X300;UN
PDR01333;CREPINE EN BRONZE 4P;UN
PDR01334;VIS HR 12X70 8.8;UN
PDR01335;VIS HR 14X35 8.8;UN
PDR01336;CROISILLON DE CARDAN DL300;UN
PDR01337;VIS TF 12X40 8.8 ;UN
PDR01338;VIS HR 12X35 8.8;UN
PDR01339;TUYAUX 5/16 R2 ;M
PDR01340;TUYAUX 5/16 R1;M
PDR01341;RACCORD 5/16 X 3/8 ORS DROITE;UN
PDR01342;KIT EMBRAYAGE NPR75;UN
PDR01343;PNEU 315/80R22.5 156/150L GRT901;UN
PDR01343;PNEU 315/80R22.5 156/150L GRT901;UN
PDR01344;IMPERMEABLE PLUIE;UN
PDR01345;SPROCKET CAT 320;UN
PDR01346;PILE ALKALINE 9V METRIX;UN
PDR01347;PILE PLATE 3V METRIX;UN
PDR01348;RESSORT CYCLONE 110X154X350 FIL 22MM;UN
PDR01349;COURROIE C142;UN
PDR01350;VIS TF 12X50 8.8;UN
PDR01351;PIPE REMPLISSAGE HUILE;UN
PDR01352;ARRET D HUILE BV 55X75X8;UN
PDR01353;BUTEE D EMBRYAGE MAN;UN
PDR01354;VANNE A CIMENT;UN
PDR01355;PANNEAUX SANDWICH 1000X40 L 8,5M;M
PDR01356;PANNEAUX SANDWICH 1000X100  L 8,5M;M
PDR01357;FEU LATERAL;UN
PDR01358;MOYEU AV;UN
PDR01359;LAMPE STOP;UN
PDR01360;FEU DE PLAQUE;UN
PDR01360;FEU DE PLAQUE;UN
PDR01361;PNEU 315/80R22.5 20PR 156/150L GRT901 TRACMAX;UN
PDR01362;GOUJON MAN 22X23X110 +TETE;UN
PDR01363;GOUJON FUWA 99 + TETE;UN
PDR01364;CONNECTEUR M12 4P M/F DROIT;UN
PDR01365;PLAQUE REMORQUAGE PM;UN
PDR01365;PLAQUE REMORQUAGE PM;UN
PDR01366;TUYAU 08;M
PDR01367;HUILE 2T 1L;UN
PDR01368;FEU LAT PEND;UN
PDR01369;"RACCORD COMPRESSEUR FEMELLE 1""";UN
PDR01370;RACCORD COMPRESSEUR MALE 3/4;UN
PDR01371;DESHYDRATEUR D'AIR;UN
PDR01372;KIT MAINTENANCE;UN
PDR01373;FILTRE DECLENCHEUR VOLVO;UN
PDR01374;HUILE 10W30;UN
PDR01375;CARNET METROLOGIQUE ET CERTIFICATION D INSTALATION ;UN
PDR01376;GRAISSE EP2;KG
PDR01377;FLEXIBLE D'EPANDAGE  D125 3M;UN
PDR01378;COLLIER A COQUILLE 125;UN
PDR01379;TCP MAILLE 8 FIL 3 DIM 1400X2040;UN
PDR01380;TCP MAILLE 15 FIL 4 DIM 1400X2040;UN
PDR01381;TCP MAILLE 10 FIL 4 DIM 1400X2040;UN
PDR01382;FILTRE A AIR ATLAS COPCO;UN
PDR01383;DOUILLE 17 3/4;UN
PDR01384;DOUILLE 19 3/4;UN
PDR01384;DOUILLE 19 3/4;UN
PDR01385;DOUILLE 21 3/4;UN
PDR01386;DOUILLE 22 3/4;UN
PDR01387;DOUILLE 23 3/4;UN
PDR01388;DOUILLE 24 3/4;UN
PDR01389;DOUILLE 26 3/4;UN
PDR01390;DOUILLE 27 3/4;UN
PDR01391;DOUILLE 29 3/4;UN
PDR01392;DOUILLE 30 3/4;UN
PDR01393;CABLE SIGNAL 7X1MM LIYCY STV;M
PDR01394;CASQUE CHANTIER;UN
PDR01395;SILICONE SIKA 221;UN
PDR01396;SCOTCH EMBALLAGE;UN
PDR01396;SCOTCH EMBALLAGE;UN
PDR01397;GILET DE CHANTIE;UN
PDR01398;BAVETTE ROUGE LARGEUR 1400MM EP 10;M
PDR01399;TIGE FILETTE NOIR DIA 10;UN
PDR01399;TIGE FILETTE NOIR DIA 10;UN
PDR01400;TIGE FILETTE NOIR DIA 12;UN
PDR01400;TIGE FILETTE NOIR DIA 12;UN
PDR01401;TIGE FILETTE NOIR DIA 24;UN
PDR01402;TIGE FILETTE NOIR DIA 28;UN
PDR01403;ECROU DIA  27;UN
PDR01404;PROJECTEUR LED 100W ;UN
PDR01405;PARE BRISE VOLVO;UN
PDR01405;PARE BRISE VOLVO;UN
PDR01406;TURBO LED H1 12V;UN
PDR01407;COURROIE 8PK1920;UN
PDR01408;JOINT TORIQUE DIM 5X250;UN
PDR01409;PNEU 315/80R22.5 156/150L HANKOOK DH31;UN
PDR01410;RESSORT CAME M.M D167;UN
PDR01410;RESSORT CAME M.M D167;UN
PDR01411;RESSORT FRH-SMB PM;UN
PDR01412;RESSODRT FRH-SMB D21.5;UN
PDR01413;JEU DE GARNITURE DE FREINS W8027;UN
PDR01414;JEU DE GARNITURE DE FREINS W8032;UN
PDR01415;JEU DE GARNITURE DE FREINS W8045;UN
PDR01416;JEU DE GARNITURE DE FREINS W8079;UN
PDR01417;JEU DE GARNITURE DE FREINS W8091;UN
PDR01418;JEU DE GARNITURE DE FREINS W8112;UN
PDR01419;RETROVISEUR MAN TGS AV;UN
PDR01419;RETROVISEUR MAN TGS AV;UN
PDR01420;JANTE 1175/22.5 AV;UN
PDR01422;RESSORT MACHOIR MAN;UN
PDR01422;RESSORT MACHOIR MAN;UN
PDR01423;CABLE SOUPLE 2X1.5;M
PDR01424;PAUMELLE A SOUDER 60;UN
PDR01424;PAUMELLE A SOUDER 60;UN
PDR01425;PAUMELLE A SOUDER 140;UN
PDR01425;PAUMELLE A SOUDER 140;UN
PDR01426;FILTRE A HUILE MAN TGX EURO6;UN
PDR01427;CAPTEUR EBS;UN
PDR01428;MULTIPLIER MAN TGS 400;UN
PDR01429;KIT GV MAN TGS 400;UN
PDR01430;KIT DESSICATEUR VOLVO;UN
PDR01431;FILTRE A GASOIL WF8489;UN
PDR01432;BOUCHON  63 PEHD ;UN
PDR01433;RACCORD UNION MF 2P ;UN
PDR01434;RACCORD MALE 63X2P PPR;UN
PDR01435;COUDE FERME MF 2P ;UN
PDR01436;COUDE FERME 63 PPR;UN
PDR01437;TUBE 63 PPR ;M
PDR01438;VANNE A BILLE 1P1/2 ;UN
PDR01438;VANNE A BILLE 1P1/2 ;UN
PDR01439;MANCHON PPR D63 ;UN
PDR01440;TABLEAU 14;UN
PDR01441; PEINTURE ITRI PLAST 30KG;UN
PDR01442;COLLE LEADER FLEX 20KG;UN
PDR01443;BROSSE METALIQUE;UN
PDR01444;PINCEAU DE PEINTURE ROND ;UN
PDR01445;PINCEAU DE PEINTURE PLAT 1/2;UN
PDR01446;BAGUETTE DE SOUDAGE BASIQUE DIA 4;UN
PDR01447;MASQUE ANTI-POUSSIERE JETABLE;UN
PDR01448;AXE ET RONDELLE DENT 1U3352;UN
PDR01449;GOUJON AR CAMION MAN;UN
PDR01450;COURROIE TRAPEZOIDALE C215;UN
PDR01451;ARRET D HUILE BV 55X78X8;UN
PDR01452;DISQUE D EMBRAYAGE VALEO TGS 400;UN
PDR01453;CABLE RALLONGE 24V MAL;UN
PDR01454;BOUCHON RESERVOIR;UN
PDR01455;CABOUCHON MAN AR GAUCHE;UN
PDR01456;CABOUCHON MAN AR DROIT;UN
PDR01457;SERVO D EMBRAYAGE MERCEDES ACTROS;UN
PDR01458;PINCE ETAU;UN
PDR01459;CUTTER;UN
PDR01459;CUTTER;UN
PDR01460;POLYFIBRE;KG
PDR01461;KIT DE DISTRIBUTION K025578XS;UN
PDR01462;JOINT BOITE A VITESSE TGS 480 EXTERNE;UN
PDR01463;JOINT BOITE A VITESSE TGS 480 iNTERNE;UN
PDR01464;PHARE SECOUR ST43024;UN
PDR01465;PHARE SECOUR FT037;UN
PDR01466;RESSORT ROR PM;UN
PDR01467;GLACE RETROVISEUR MAN TGS;UN
PDR01468;BUTEE D EMBRYAGE MAN;UN
PDR01469;COMMAND CLAXON;UN
PDR01470;PISTON BOITE DE VITESSE;UN
PDR01471;ROULEMENT BV 480;UN
PDR01472;PHARE SECOUR MAN TGS GAUCHE;UN
PDR01473;PHARE SECOUR MAN TGS DROIT;UN
PDR01474;MULTIPLIER MAN TGS 480;UN
PDR01475;PLATEAU D EMBRAYAGE MISTU;UN
PDR01476;DISQUE EMBRAYAGE MISTU;UN
PDR01477;TUBE CARRE 20X20X2;UN
PDR01478;CORNIERE 30X30X2.8;UN
PDR01479;FER PLAT 40X4 6M;UN
PDR01480;COUVERCLE POMPE A HUILE BOITE A VITESSE;UN
PDR01481;PIGNON POMPE A HUILE BOITE A VITESSE 1314-202-039;UN
PDR01482;PIGNON POMPE A HUILE BOITE A VITESSE 1315-303-027;UN
PDR01483;PLAQUE POMPE A HUILE BOITE A VITESSE 1325-303-017;UN
PDR01484;TOLE NOIR 2000X1000X4;UN
PDR01485;FER UPN 100 2A  6M;UN
PDR01486;FER PLAT 50X10  6M;UN
PDR01487;PNEU 315/80R22,5 LIONSTONE;UN
PDR01488;TOLE CREUSABRO4800 3000X1500X15;UN
PDR01489;COURROIE TRAPEZOIDALE B107;UN
PDR01490;COURROIE TRAPEZOIDALE B92;UN
PDR01491;COURROIE TRAPEZOIDALE D300;UN
PDR01492;RONDELLE COUPILLE DE DENT DX340LCA DI090290153;UN
PDR01493;CONTACTEUR 3P LC1D32M7;UN
PDR01494;MANCHON A SERTIR 95MM;UN
PDR01495;ANTIGEL AUTO COOL OPTIMAL UKTRA 208L;UN
PDR01496;MANCHON ASERTIR 120MM;UN
PDR01497;MANCHON ASERTIR 185MM;UN
PDR01498;BOITE DE JONCTION 4X15/10 REF CM0;UN
PDR01499;VENTILATEUR MAN TGA /TGS NOIRE;UN
PDR01500;OUVERTURE CARNET;UN
PDR01501;MANO CONTACT DEUTZ 12V;UN
PDR01502;KIT VIDANGE VOLVO;UN
PDR01503;RADIATEUR REFROIDISSEMENT DU MOTEUR MAN TGA/TGS;UN
PDR01504;FICHE MALE 3P+T 380-415V 16A;UN
PDR01505;DISJONCTEUR 4P 40A A9F7440;UN
PDR01506;ECROU 10 NOIR;UN
PDR01507;MECHE CO 2MM;UN
PDR01508;MECHE CO 3MM;UN
PDR01509;MECHE CO 4MM;UN
PDR01510;MECHE CO 5MM;UN
PDR01511;MECHE CO 6MM;UN
PDR01512;MECHE CO 7MM;UN
PDR01513;MECHE CO 8MM;UN
PDR01514;MECHE CO 9MM;UN
PDR01515;MECHE CO 10MM;UN
PDR01516;BLOC VIGI 300MA;UN
PDR01517;REPARTITEUR 4P 63A;UN
PDR01518;GOULOTTE 80X40;M
PDR01519;RAIL OMEGA;M
PDR01520;INTERRUPTEUR ETANCHE ENCASTRE;UN
PDR01521;PRISE 2P+T ETANCHE APPARENT;UN
PDR01521;PRISE 2P+T ETANCHE APPARENT;UN
PDR01522;COMMUTATEUR METALIQUE 2P;UN
PDR01523;TRANSFORMATEUR 63VA 380/24V;UN
PDR01524;DISJONCTEUR GV2ME22;UN
PDR01525;DISJONCTEUR GV2ME16;UN
PDR01526;DISJONCTEUR GV2ME10;UN
PDR01527;BORNIER 16MM ;UN
PDR01528;BORNIER 10MM ;UN
PDR01529;RELAIS MULTIFONCTION TEMPORISE ;UN
PDR01530;STOP BORNIER;UN
PDR01531;BORNIER 10MM LA TERRE;UN
PDR01532;BORNIER 6MM LA TERRE;UN
PDR01533;ARMOIRE POLYSTER 700X500;UN
PDR01534;INTERRUPTEUR POUSSOIR ETANCHE DOUBLE APPARENT;UN
PDR01535;INTERRUPTEUR APPARENT;UN
PDR01536;PRISE 2P+T ETANCHE ENCASTRE;UN
PDR01536;PRISE 2P+T ETANCHE ENCASTRE;UN
PDR01537;EMBOUT 0,75;UN
PDR01538;EMBOUT 1;UN
PDR01539;EMBOUT 2,5;UN
PDR01540;EMBOUT 6;UN
PDR01541;EMBOUT 10;UN
PDR01542;BLOC CONTACT GVAN11;UN
PDR01543;RELAIS DE NIVEAU ABB 5-100KOMSS/CM-ENS.11S;UN
PDR01544;ELECTRODE DE NIVEAU;UN
PDR01545;PISTOLET DE GASOIL ;UN
PDR01546;BURETTE A HUILE 250ML;UN
PDR01547;COLIIER AJOUREE 44-47;UN
PDR01548;BATTERIE 9V;UN
PDR01549;DISJONCTEUR 2P 63A A9F74263;UN
PDR01550;DISJONCTEUR 3P 63A A9F74363;UN
PDR01551;MOTEUR STOP 2523-9016;UN
PDR01552;DISQUE A LAMELLE G80 DIA 115;UN
PDR01552;DISQUE A LAMELLE G80 DIA 115;UN
PDR01553;ECROU MOYEU ROR;UN
PDR01554;FLEXIBLE ECHAPPEMENT 110X420 MAN TGA;UN
PDR01555;FLEXIBLE ECHAPPEMENT 111X115X448 MAN TGS 400;UN
PDR01556;POMPE DIRECTION;UN
PDR01557;ROULEMENT BV TOYOTA 2L;UN
PDR01558;POMPE FREIN;UN
PDR01559;HUILE E5 1/2L;UN
PDR01560;POULIE TENDEUR;UN
PDR01561;BOUTON 2P;UN
PDR01562;POULIE COURROIE DISTRUBUTION;UN
PDR01563;FICHE PLAT FEMELLE;UN
PDR01563;FICHE PLAT FEMELLE;UN
PDR01564;VERIN;UN
PDR01565;MANIVELLE HYDRAU CAMION MALAXEUR;UN
PDR01566;AMORTISSEUR 5X7X10;UN
PDR01567;SONDE TEMERATURE;UN
PDR01568;POMPE DIRECTION DROIT;UN
PDR01569;GLACE RETROVISEUR MAN PM;UN
PDR01570;GLACE RETROVISEUR MAN GM GAUCHE;UN
PDR01571;GLACE RETROVISEUR MAN GM DROIT;UN
PDR01572;BALLON DE PRESSION D EAU 200L;UN
PDR01573;INJECTEUR MAN TGS 400;UN
PDR01575;PNEU 315/80R22.5 156/150L RUNNER F2 SEMPIRIT;UN
PDR01576;SEGMENT D ARRET 80X3.15;UN
PDR01576;SEGMENT D ARRET 80X3.15;UN
PDR01577;FAISCEAU DE CABLAGE INJECTEUR;UN
PDR01578;POMPE COMPLETE COMPRESSEUR GLOBAL TEC;UN
PDR01579;FILTRE A GASOIL CC6904;UN
PDR01580;FILTRE A GASOIL MK10006Z;UN
PDR01581;FILTRE A HUILE HC5708;UN
PDR01582;FILTRE A HUILE HC5990;UN
PDR01583;COURROIE B114;UN
PDR01584;DENT DE GODET DI050250016;UN
PDR01585;RONDELLE COUPILLE DE DENT DI050250095;UN
PDR01586;GOUPILLE DENT DE GODET DI050250080;UN
PDR01587;DENT DE GODET DI050250052;UN
PDR01588;GOUPILLE DENT DE GODET DI050250081;UN
PDR01589;GRAISSEUR PELLE DX420LCA DI040280802;UN
PDR01590;CLE MIXTE 07MM;UN
PDR01591;CLE MIXTE 14MM;UN
PDR01592;CLIQUET REVIRSIBLE 1/2;UN
PDR01593;SERIE TOURNEVIS;UN
PDR01594;CLE PIPE 07;UN
PDR01595;CLE PIPE 08;UN
PDR01596;CLE PIPE 09;UN
PDR01597;CLE PIPE 11;UN
PDR01598;CLE PIPE 12;UN
PDR01599;CLE PIPE 14;UN
PDR01600;CLE PIPE 15;UN
PDR01601;CLE PIPE 16;UN
PDR01602;CLE PIPE 17;UN
PDR01603;CLE PIPE 18;UN
PDR01604;CLE PIPE 19;UN
PDR01605;CLE PIPE 20;UN
PDR01606;CLE PIPE 21;UN
PDR01607;CLE PIPE 22;UN
PDR01608;CLE PIPE 23;UN
PDR01609;CLE PIPE 24;UN
PDR01610;SERIE CLE TORX POIGNEE;UN
PDR01611;SERIE CLE MIXTE A CLIQUET;UN
PDR01612;TORCHE FRONTALE;UN
PDR01612;TORCHE FRONTALE;UN
PDR01613;COURROIE 6PK948;UN
PDR01614;COURROIE 6PK750;UN
PDR01615;TUYAU PVC DIA 140 ORANGE;M
PDR01616;SIPHONE WC NOIR;UN
PDR01617;TE PVC DIA 110;UN
PDR01618;CULOTTE PVC DIA 110;UN
PDR01619;FILTRE A HUILE LIN0009831424;UN
PDR01620;FILTRE A GASOIL LIN0009830540;UN
PDR01621;FILTRE A AIR EXT LIN0009831740;UN
PDR01622;FILTRE HYDRAULIQUE LIN0009831419;UN
PDR01623;FILTRE RENIFLARD LIN0009831508;UN
PDR01624;BALAI ESS-GLAS 55-40CM DACIA DOKKER;UN
PDR01625;PANEL 60X60 LED ;UN
PDR01626;PRISE APPARENT 3P+T 63A 380V;UN
PDR01627;ARMOIRE POLYSTER 600X800X220;UN
PDR01628;GRAISSE LAGD125HB2 125/FM100;UN
PDR01629;ARRET D HUILE 45X65X8;UN
PDR01630;MANOMETRE MGS10 DN63 16BARS;UN
PDR01631;MOTOVIBREUR 2,88KW 1500 TR/MIN;UN
PDR01632;FILTRE A AIR MAN TGS EXTERNE;UN
PDR01633;FILTRE A AIR MAN TGS INTERNE;UN
PDR01634;FILTRE A CARBURANT MAN TGS;UN
PDR01635;FILTRE A HUILE MAN TGS OX425D;UN
PDR01636;FILTRE DECLENCHEUR MAN TGS;UN
PDR01637;FILTRE RENIFLEUR MAN TGS;UN
PDR01638;DISQUE EMBRAYAGE MAN TGS SACHS;UN
PDR01639;FOURCHETTE EMBRAYAGE MAN TGS 400;UN
PDR01640;PEAU DE CHAMOIS SYNTH GM;UN
PDR01641;ROULEMENT 6213-2RS;UN
PDR01642;CONTACTEUR 3P 15-30KW 220V LC1D6511;UN
PDR01643;VIS HR DIA 8X40 8,8;UN
PDR01644;VIS HR DIA 8X60 8,8;UN
PDR01645;VIS HR DIA 10X40 8,8;UN
PDR01646;VIS HR DIA 10X60 8,8;UN
PDR01647;VIS HR DIA 16X40 8,8;UN
PDR01648;VIS HR DIA 16X60 8,8;UN
PDR01649;ECROU TH HR DIA 16;UN
PDR01650;GROUPE FREIN MOTEUR SKIP AC 140 DD/MS;UN
PDR01651;PLAQUETTE FREIN AV ;UN
PDR01652;DISQUE DE FREIN AV;UN
PDR01653;SILENT BLOC;UN
PDR01654;AMORTISSEUR AV;UN
PDR016545;ROULEMENT BUTTE EMBRAYAGE TK70;UN
PDR01656;LAMPE LED GLS E27 240V;UN
PDR01657;POMPE A GRAISSE  1KG;UN
PDR01658;VIS HR DIA 20X120 8,8;UN
PDR01659;ECROU FREIN DIA 20;UN
PDR01659;ECROU FREIN DIA 20;UN
PDR01660;MAIN D ACCOUPLEMENT;UN
PDR01661;CONTACT COMPRESSEUR BOSH;UN
PDR01662;GLACE RETROVISEUR MAN TGS GAUCHE;UN
PDR01663;GLACE RETROVISEUR MAN TGS PM DROIT;UN
PDR01664;PHARE SECOURS MAN TGA DROIT;UN
PDR01665;PHARE SECOURS MAN TGA GAUCHE;UN
PDR01666;GLACE PHARE SECOURS MAN TGS GAUCHE;UN
PDR01667;TUYAU D AIR DE SOUFLAGE CABINE;UN
PDR01668;ROULEMENT BOITE A VITESSE 80X140X36,5;UN
PDR01669;PNEU 225/75R16C ;UN
PDR01670;PIVOT SELETTE 8 TROUS 200X112,5X200;UN
PDR01671;KIT DEMBRAYAGE MAN TGS 400 SACHS;UN
PDR01672;FIL ATTACHE;KG
PDR01672;FIL ATTACHE;KG
PDR01673;VALVE LIMITATION DE PRESSION 81.52101-6269;UN
PDR01674;SILENT BLOC CROCHET CABINE 020.549;UN
PDR01675;TAMBOUR DE FREIN MAN AR TGA 8X4;UN
PDR01676;VERIN CABINE CCPA 021.038;UN
PDR01677;CLE MIXTE DIA 11;UN
PDR01678;CLE MIXTE DIA 12;UN
PDR01679;CLE MIXTE DIA 15;UN
PDR01680;CLE MIXTE DIA 16;UN
PDR01681;CLE MIXTE DIA 18;UN
PDR01682;CLE MIXTE DIA 20;UN
PDR01683;CLE MIXTE DIA 21;UN
PDR01684;CLE MIXTE DIA 23;UN
PDR01685;CLE MIXTE DIA 25;UN
PDR01686;CLE MIXTE DIA 26;UN
PDR01687;CLE MIXTE DIA 27;UN
PDR01688;CLE MIXTE DIA 28;UN
PDR01689;CLE MIXTE DIA 29;UN
PDR01690;CLE MIXTE DIA 32;UN
PDR01691;COUDE MF 1P CUIVRE;UN
PDR01692;REDUCTION 1PX3/4 CUIVRE;UN
PDR01693;AXE SUPPORT DE FLECHE DI070760001;UN
PDR01694;CACHE POUSSIERE DI040280166;UN
PDR01695;BAGUE DX340LCA;UN
PDR01696;BOITE A JOINT TORIQUE K9006411;UN
PDR01697;CHARBON BOSCH 1607014171;UN
PDR01698;ROTOR POMPE A HUILE BV TGS 480;UN
PDR01699;ROULEMENT BV TGS 480 A BORDURE;UN
PDR01700;JOINT PISTON BV;UN
PDR01701;ROULEMENT BV TGS 400/480;UN
PDR01702;COUVERCLE POMPE A HUILE GM BV TGS 480;UN
PDR01703;COSSE A SERTIR 14;UN
PDR01704;VIS 08;UN
PDR01705;RONDELLE 04X30;UN
PDR01705;RONDELLE 04X30;UN
PDR01706;FILTRE A AIR EXT A213939;UN
PDR01707;PNEU 13/80 R22,5 TR669;UN
PDR01708;PNEU 13/80 R22,5 TR668;UN
PDR01709;ADBLEU 10L;UN
PDR01710;PLOMB A SCELLER;KG
PDR01711;SERIE DE MICHE;UN
PDR01712;YEUX DE CHAT;UN
PDR01713;BAGUETTE SOUDAGE G53 DIA 3,15;UN
PDR01714;DISQUE A BOIS DIA 230MM;UN
PDR01715;ROULETTE MUSURE FIBRE 20M;UN
PDR01716;BOUCHON GALVANISER DIA 2P;UN
PDR01716;BOUCHON GALVANISER DIA 2P;UN
PDR01717;CLE DYNAMOMETRIQUE 1/2 40-200MM;UN
PDR01718;KIT ALT REN 117202495R;UN
PDR01719;TAPIS SUR MESURE 4D;UN
PDR01720;COURROIE 975X10;UN
PDR01721;BOUCHON RADIATEUR 022510-1572;UN
PDR01722;FILTRE A GASOIL MB220900;UN
PDR01723;COURROIE A72;UN
PDR01724;COUDE BOITIER 16X1/2;UN
PDR01725;RETUBE 16 ;M
PDR01726;GAINE 25 BLEU;M
PDR01727;TE EGAL 16;UN
PDR01728;TUBE PVC EVACUATION 50;M
PDR01729;COUDE 1/8 50 PVC;UN
PDR01730;COUDE 1/4 50 PVC;UN
PDR01731;COUDE F 16X1/2;UN
PDR01732;MAMELON 1/2 CUIVRE;UN
PDR01733;COLLIER A JOINT 25;UN
PDR01734;VIS POELIER 4X10;UN
PDR01735;VIS POELIER 4X20;UN
PDR01736;COUSSINET EN BRONZE SCHWING 10018037;UN
PDR01737;FILTRE HYDRAULIQUE SCHWING 98330519;UN
PDR01738;FILTRE HYDRAULIQUE SCHWING 98380243;UN
PDR01739;FILTRE HYDRAULIQUE SCHWING 98333019;UN
PDR01740;FILTRE HYDRAULIQUE SCHWING 98349427;UN
PDR01741;COMBINAISON DE TRAVAIL;UN
PDR01742;TENUE DE TRAVAIL VESTE ET PANTALON;UN
PDR01743;SERVOMOTEUR COMPACT ASYNCHRONE MCA19S35-RS0B0;UN
PDR01743;SERVOMOTEUR COMPACT ASYNCHRONE MCA19S35-RS0B0;UN
PDR01744;VENTILATEUR ACEC CARTER A2S130AB03-11;UN
PDR01744;VENTILATEUR ACEC CARTER A2S130AB03-11;UN
PDR01745;FAISCEAU DISQUE TACHYGRAPHE;UN
PDR01746;PALIERS A SEMELLE UCP216;UN
PDR01747;ROTULES GE50ES2RS-F;UN
PDR01748;PALIERS A SEMELLE SL30;UN
PDR01749;ROULEMENT  33206J;UN
PDR01750;ARRET D HUILE 20X30X4.5;UN
PDR01751;ARRET D HUILE 20X30X7;UN
PDR01752;ARRET D HUILE 20X30X5;UN
PDR01753;ARRET D HUILE 20X30X10;UN
PDR01754;BARDAHL GASOIL DD1000;UN
PDR01755;PANNEAUX EN PUEP 35 FISSURE 600X1090;UN
PDR01756;VANNE A BILLE 3/4;UN
PDR01757;MOTOVIBREUR 0.09KW 3000TR/MIN;UN
PDR01758;PNEU 215/65 R16;UN
PDR01759;ROULEAUX RUBAN ROUGE;UN
PDR01760;ROULEMENT DE PALIERS 1070-60G;UN
PDR01761;GOULOTTE DE REMPLISSAGE D HUILE;UN
PDR01762;PLAQUE BOITE A VITESSE AVEC PIGNON 8X4;UN
PDR01763;GYROPHARE 12/24V;UN
PDR01764;CLIGHOTEUR MERCEDES ACTROS DROIT;UN
PDR01765;CLIGHOTEUR MERCEDES ACTROS GAUCHE;UN
PDR01766;PIGNON REDICTEUR MAN TGA DROIT;UN
PDR01767;BRIDE MOYEU MAN;UN
PDR01768;JEU DE PIGNON PLANETAIRE;UN
PDR01769;SUPPORT ROULEMENT REDUCTEUR;UN
PDR01770;ROULEMENT BOITE A VITESSE INTERNE;UN
PDR01771;COMMUTATEUR CHAUFFAGE DEMARRAGE BOSCH;UN
PDR01772;FEU LATERAL;UN
PDR01773;CATADIOPTRE D85 BLANC;UN
PDR01774;CABOCHON RENAULT AR;UN
PDR01775;PIGNON POMPE A HUILE BOITE A VITESSE;UN
PDR01776;PIGNON POMPE A HUILE BOITE A VITESSE;UN
PDR01777;FEU DE CHANTIER CARRE;UN
PDR01778;CATADIOPTRE D85 ROUGE;UN
PDR01779;LAMPE VERRE 24V 3W;UN
PDR01780;REFLECTEUR TRIAGLE;UN
PDR01781;PLAQUE POMPE A HUILE BOITE A VITESSE;UN
PDR01782;COUVERCLE POMPE A HUILE BOITE A VITESSE PM;UN
PDR01783;CLAVIER DE COMMANDE ET DE DIAGNOSTIC X400 EZAEBK1001;UN
PDR01784;PNEU 315/80R22.5 KDM II;UN
PDR01785;TITAN ATF 3000 20L;UN
PDR01786;CLAXON 12V DISQUE;UN
PDR01787;LAME DE SCIE CIRCULAIRE DIA 235X2.4X30;UN
PDR01788;RACCORD SYMETRIQUE BRZ FEMELLE DN 40 1P1/2;UN
PDR01789;RACCORD CANNELE SYMETRIQUE DIA 1P1/2;UN
PDR01790;MASSETTE EN CAOUTCHOC;UN
PDR01791;TIGE FILETTE NOIR DIA 06;UN
PDR01792;COLLIER DE SERRAGE DIA 3.6X150;UN
PDR01793;COLLIER DE SERRAGE DIA 7.6X185;UN
PDR01794;FLEXIBLE A AIR DIA 9;M
PDR01795;PRISE RAPIDE MALE DIA 3/8;UN
PDR01795;PRISE RAPIDE MALE DIA 3/8;UN
PDR01796;RACCORD RAPIDE MALE 3/8;UN
PDR01797;TETE EXTINCTEUR POUDRE;UN
PDR01798;MANOMETRE EXTINCTEUR;UN
PDR01799;GOUPILLE EXTINCTEUR;UN
PDR01800;JOINT TETE EXTINCTEUR;UN
PDR01801;FLEXIBLE EXTINCTEUR;UN
PDR01809;MINUTRIE KIENZEL TYPE 1324;UN
PDR01810;GENERATEUR KITAS 35 MM;UN
PDR01811;GENERATEUR KITAS 90 MM;UN
PDR01812;ECROU FREIN DIA 6;UN
PDR01813;ECROU FREIN DIA 5;UN
PDR01814;RONDELLE PLATE 5X10;UN
PDR01815;RONDELLE PLATE 5X20;UN
PDR01816;BALAIS ESSUIE GLACE 14 35CM;UN
PDR01817;PIOCHE DE MACON;UN
PDR01818;PELLE DE MACON;UN
PDR01819;CABLE SOUPLE 4X2.5;M
PDR01820;ARRACHE CLOUS MACON;UN
PDR01821;ROBINET ECHELLE 1/2;UN
PDR01822;FLEXIBLE CHAUFFE-EAU 1/2X1/2;UN
PDR01823;RACCORD MF 1/2;UN
PDR01824;MITIGEUR LAVABO;UN
PDR01825;FIXATION LAVABO;UN
PDR01826;COUDE PVC 40;UN
PDR01827;REDUCTION PVC 40X50;UN
PDR01828;FIXATION CHAUFFE-EAU;UN
PDR01829;BAGUETTE FAIENCE;UN
PDR01830;SILENT BLOC FEM/FEM 40X25X10;UN
PDR01831;DOUBLE INTEREPTEUR ETANCHE ENC;UN
PDR01832;HUBLOT ROND LED 18W ETANCHE;UN
PDR01833;ATTACHE ELECTRIQUE 8MM;UN
PDR01834;ATTACHE ELECTRIQUE 10MM;UN
PDR01835;PORTE ETIQUETTE;UN
PDR01836;DISJONCTEUR 3P 32A;UN
PDR01837;DISJONCTEUR 3P 25A;UN
PDR01838;POIGNE DE MANETTE DE CONTROLE;UN
PDR01839;BAVETTE ROUGE LARGEUR 200MM EP 10;M
PDR01839;BAVETTE ROUGE LARGEUR 200MM EP 10;M
PDR01840;RACCORD SYMETRIQUE BRZ MALE DN 40 1P1/2;UN
PDR01841;MOTEUR ELECTRIQUE TYPE YL90L-2 B3;UN
PDR01842;TUYAU R1 3/16;M
PDR01843;TUYAU R2 5/16;M
PDR01844;TUYAU R2 3/4;M
PDR01845;RACCORD NJ 06X06;UN
PDR01846;RACCORD NJ 08X08;UN
PDR01847;RACCORD RO 05X10LX16 F;UN
PDR01848;RACCORD RO 06X12LX20 F;UN
PDR01848;RACCORD RO 06X12LX20 F;UN
PDR01849;BAGUE R1R2 3/16;UN
PDR01850;BAGUE R1R2 5/16;UN
PDR01851;BAGUE R1R2 3/8;UN
PDR01852;BAGUE R1R2 1/2;UN
PDR01853;BAGUE R1R2 1';UN
PDR01854;RACCORD ZITE 04X06 DROIT;UN
PDR01855;MAMELON HP 3/8 X 1/2;UN
PDR01856;RACCORD ZITE 03X06 DROIT;UN
PDR01857;RACCORD NU 16X16 F;UN
PDR01858;RACCORD RO 06X12LX18 F;UN
PDR01859;MAMELON HP 1/8X1/4;UN
PDR01860;RACCORD NU 08X08 F DROIT;UN
PDR01861;RACCORD NU 04X04 F DROIT;UN
PDR01862;RACCORD NU 06X06 F DROIT;UN
PDR01863;RACCORD NJ 06X08 F DROIT;UN
PDR01864;LAMPS RECHARGEABLE;UN
PDR01865;BAGUE R1R2 1';UN
PDR01866;315/80R22.5 BRIDGISTON R150 154/15 1M IM;UN
PDR01867;BURIN PLAT SB121;UN
PDR01868;RACCORD FEMELLE 63X2P NIRON;UN
PDR01869;CLAPET A RESSORT 2P;UN
PDR01870;COUDE FERME 90 1P1/2 EE;UN
PDR01871;COLLIER A JOINT 63;UN
PDR01872;TIGE FILETTE NOIR DIA 22;UN
PDR01873;VIS BTR 14X40 8.8;UN
PDR01874;DISJONCTEUR MOTEUR GV3P65 48-65A;UN
PDR01875;RELAIS MINIAT 14B 48V AC D4N;UN
PDR01876;GOUJON STD 12X14.3X47;UN
PDR01877;ECROU GOUJON 21/32;UN
PDR01878;SILENT BLOC AMORT STD 16MM;UN
PDR01878;SILENT BLOC AMORT STD 16MM;UN
PDR01879;LAMPE NARVA H4 12V 60/55W P43T;UN
PDR01880;COUPE COURANT LX050263;UN
PDR01881;BALAIS ESSUIE GLACE 500MM;UN
PDR01881;BALAIS ESSUIE GLACE 500MM;UN
PDR01882;RACCORD AIR 9;UN
PDR01883;VIS DE BLOCAGE HP200;UN
PDR01884;EXTINCTEUR POUDRE 6KG;UN
PDR01885;COFFRET PLASTIQUE ABS CPLENE 250X350X150L;UN
PDR01886;PRISE FEMELLE 16A/220-240V;UN
PDR01887;POMPE DE LAVAGE COMPLETE TYPE FC-25/2B 2.2KW;UN
PDR01888;TENAILLE;UN
PDR01889;REDUCTEUR PENDULAIRE TA70-70;UN
PDR01890;GLACE LATERAL DE PORTE 480 TG3;UN
PDR01891;DOUILLE 19 1/2;UN
PDR01891;DOUILLE 19 1/2;UN
PDR01892;REDUCTEUR 1/2 3/4;UN
PDR01892;REDUCTEUR 1/2 3/4;UN
PDR01893;ROULEMENT80X140X35.5;UN
PDR01894;TENDEUR ANNEAU CROCHET;UN
PDR01895;ROULEMENT 6304;UN
PDR01896;FILTRE HYDRAULIQUE DIRECTION 35377;UN
PDR01897;COMPRESSEUR SYSTEME D AIR COMPRIME 173450;UN
PDR01898;FILTRE A CARBURANT 1754;UN
PDR01899;DURITE DE RADIATEUR 46597;UN
PDR01900;DURITE DE RADIATEUR 101251;UN
PDR01901;INTERRUPTEUR BOITE DE VITESSE A GROUPE RELAIS 188599;UN
PDR01902;BAGUE D ETANCHEITE MOYEU DE ROUE 40994;UN
PDR01903;MOYEU DE ROUE 27791;UN
PDR01904;BOITIER POMPE A EAU 172421;UN
PDR01905;VASE D EAU 101425;UN
PDR01906;FILTRE HUILE FPS063;UN
PDR01907;FILTRE A GASOIL ISUZU;UN
PDR01908;LAMPE 12V 21W;UN
PDR01909;COURROIE 7PK1070 ISUZU DMAX;UN
PDR01910;COURROIE;UN
PDR01911;SERRE CABLE;UN
PDR01912;VENTILATEUR THERMOSTATIQUE ECHANGE;UN
PDR01913;COURROIE D'ENTAINEMENT ECHANGE;UN
PDR01914;COURROIE STRIEE;UN
PDR01915;NARVA H7 24V 70W P43T;UN
PDR01916;SERVO D EMBRAYAGE MAN TGS;UN
PDR01917;FILTRE A HUILE MAN TGS OX1028D;UN
PDR01918;POMPE A EAU AVEC MOTEUR PUTZ;UN
PDR01919;CLE MALE SIX PANS 4;UN
PDR01920;CLE MALE SIX PANS 8;UN
PDR01921;TOURNEVIS AMERECAIN ISOLE 1000V;UN
PDR01922;TOURNEVIS PLAT ISOLE 1000V;UN
PDR01923;FILTRE A HUILE WL7008;UN
PDR01924;RACCORD DROIT MALE 1PX25;UN
PDR01925;KIT SOUFLETTE CABINE CAMION;UN
PDR01926;SERRURE CADENAS G-FORME;UN
PDR01927;ECHELLE 4/4 DOUBLE;UN
PDR01928;ECROU FREIN DIA 8;UN
PDR01929;LOCTITE 577 50ML;UN
PDR01929;LOCTITE 577 50ML;UN
PDR01930;PNEU 265/60R18 COMPETUS H/P2;UN
PDR01931;RETROVISEUR MAN TGS EURO 6 GAUCHE;UN
PDR01932;RETROVISEUR MAN TGS EURO 6 DROIT;UN
PDR01933;RETROVISEUR MAN TGS GAUCHE;UN
PDR01934;RETROVISEUR MAN TGS DROIT;UN
PDR01935;SIGNAL LATERAL MAN TGS EURO6 GAUCHE;UN
PDR01936;SIGNAL LATERAL MAN TGS EURO6 DROIT;UN
PDR01937;CACHE RETROVISEUR MAN TGS;UN
PDR01938;MANOMETRE D'AIR;UN
PDR01939;CRIC HYDROLIQUE 10T;UN
PDR01940;RACCORD RAPIDE 8;UN
PDR01940;RACCORD RAPIDE 8;UN
PDR01941;BLOC DE VALVE;UN
PDR01942;TENDEUR CHAINE;UN
PDR01943;BALAIS;UN
PDR01943;BALAIS;UN
PDR01944;LAME DE SCIE;UN
PDR01945;RACCORD RAPIDE FEM GAV 1/4;UN
PDR01945;RACCORD RAPIDE FEM GAV 1/4;UN
PDR01946;CORDE DE TRACAGE PM;UN
PDR01947;COLLIER DE SERRAGE 3X200;UN
PDR01948;COLLIER DE SERRAGE 8X400;UN
PDR01949;BRIDE MAN 27X102X550;UN
PDR01950;FILET DE CHARGEMENT 6.25/4.5;M2
PDR01951;ACETYLENE 5M3;UN
PDR01952;GOUJON AR RENAULT COMPLET;UN
PDR01953;SONDE PT100 150X6 R1/2GT-50/400;UN
PDR01954;BOBINE ARON AD3 K12 115/50 H2-15;UN
PDR01955;SILENT BLOC FF 100X55X16;UN
PDR01956;POMPE A GASOIL 24V;UN
PDR01957;TUYAU R/CIMENT 10BAR 90X106;UN
PDR01958;COLIER 97-104;UN
PDR01959;KIT SATELITTE REDUCTEUR MAN TGS GAUCHE;UN
PDR01960;CULASSE COMPRESSEUR MAN TGS;UN
PDR01961;SEGMENT COMPRESSEUR MAN TGS 92MM;UN
PDR01962;POCHETTE RODAGE DEUTZ D192;UN
PDR01963;SOUPAPE DEUTZ  EX;UN
PDR01964;LAME VIEUSE 24V  BOSCH;UN
PDR01965;TOLE ACIER 450 2000X1000X20;UN
PDR01966;UNITE D'ALIMENTATION L 613 MM;UN
PDR01967;UNITE D'ALIMENTATION L 511 MM;UN
PDR01968;TUBE RECTANGULAIRE 40X20X1.5;UN
PDR01969;TUBE CARRE 16X16X1.5;UN
PDR01970;JANTE 900 -45KG;UN
PDR01971;POMPE A EAU ELECTRIQUE 65-160;UN
PDR01972;POMPE A GRAISSE PNEUMATIQUE 12L;UN
PDR01973;POMPE A HUILE 200L;UN
PDR01974;COUDE A SOUDER DIA 75MM;UN
PDR01975;POMPE A GRAISSE 8KG;UN
PDR01975;POMPE A GRAISSE 8KG;UN
PDR01976;MASSETTE 10KG;UN
PDR01977;FILTRE A AIR 2562400;UN
PDR01978;FILTRE A AIR 2562500;UN
PDR01979;FILTRE VO21693755;UN
PDR01981;FILTRE A HUILE 2654407C;UN
PDR01982;CAPTEUR  PRESSION D HUILE  2374894;UN
PDR01983;CAPTEUR PRESSION D HUILE 2374894;UN
PDR01984;MAMELON 1P1/4 CUIVRE;UN
PDR01985;TE EGAL 40X40 PEHD;UN
PDR01986;COUDE EGAL 40X40 PEHD;UN
PDR01987;MANCHON EGAL 40X40 PEHD;UN
PDR01988;TE FEMELLE 40X1P1/4 PEHD;UN
PDR01989;ROBINET JARDIN 1/2X3/4 PEHD;UN
PDR01990;RACCORD FEMELLE 40X1P1/4 PEHD;UN
PDR01991;COUDE FEMELLE 40X1P1/4 PEHD;UN
PDR01992;REDUCTION 1P1/4X1/2 CUIVRE;UN
PDR01993;RACCORD FEMELLE 32X1P PEHD;UN
PDR01994;MOITIER 1PX1P1/4 CUIVRE;UN
PDR01995;MOITIER 1P1/2X1P1/4 CUIVRE;UN
PDR01996;TUYAU 40 PEHD 10BAR;M
PDR01997;FILTRE A GASOIL ISUZU;UN
PDR01997;FILTRE A GASOIL ISUZU;UN
PDR01998;FILTRE A HUILE ISUZU;UN
PDR01999;FILTRE CHASSIS ISUZU;UN
PDR02000;FILTRE A HUILE ISUZU;UN
PDR02001;FILTRE A GASOIL MITS;UN
PDR02002;FILTRE A GASOIL IVECO;UN
PDR02003;FILTRE A HUILE TRUCKS;UN
PDR02004;FILTRE A HUILE IVECO;UN
PDR02005;FILTRE A GASOIL;UN
PDR02006;ARMETEC;UN
PDR02007;GRATOIR;UN
PDR02008;CHARBONS MOTEUR ELECTRIQUE;UN
PDR02009;CHEVILLE;UN
PDR02010;TERFORD;UN
PDR02011;FORET SDS BETON 8;UN
PDR02012;FORET CERAMIQUE;UN
PDR02013;FILTRE A HUILE WP1102/3;UN
PDR02013;FILTRE A HUILE WP1102/3;UN
PDR02014;FILTRE A GASOIL FFR2107;UN
PDR02015;FILTRE A GASOIL TD27;UN
PDR02016;PALIER SL60;UN
PDR02017;ROTULE GE25ES2RS-F;UN
PDR02018;VIS BTR TF DIA 12X50 10.9;UN
PDR02019;MASTIC SILICONE  285° 310ML;UN
PDR02020;VIS AUTO-PERCEUSE DIA 6.3X63;UN
PDR02021;JEU DE 25 FORET HSS 1 A 13MM;UN
PDR02022;VIS HR DIA 8X30 8.8;UN
PDR02023;PALAN ELECTRIQUE 800KG;UN
PDR02024;EMBOUT D16 R1608;UN
PDR02025;PALIER UCT212;UN
PDR02026;TUBE NOIR DIA 170MM 3M;UN
PDR02027;VIS HR 16X50 8.8;UN
PDR02028;BAGUETTE SOUDAGE ALUMINIUM 1/4MM;UN
PDR02029;BOITE POUDRE ALUMINIUM;UN
PDR02030;PINCE CIRCLIPS COUDE INTERIEUR;UN
PDR02031;PINCE CIRCLIPS COUDE EXTERIEUR;UN
PDR02032;PINCE CIRCLIPS DROIT INTERIEUR;UN
PDR02033;PINCE CIRCLIPS DROIT EXTERIEUR;UN
PDR02034;CRIC 5 TONNES;UN
PDR02035;SILICONE TRANSPARENT;UN
PDR02036;SERRURE FF14;UN
PDR02036;SERRURE FF14;UN
PDR02037;RACCORD INCENDIE;UN
PDR02039;MANCHON PPR D.50;UN
PDR02040;RACCORD UNION MF 1P1/2 EE;UN
PDR02041;BARRE V TGA 8X4;UN
PDR02042;PLAQUETTE DE FREIN IVECO;UN
PDR02043;BOUCHON RESERVOIR D AIR;UN
PDR02044;POMPE D EMBRAYAGE FTE SUP;UN
PDR02045;KIT REPARATION APPREIL D AIR EBS;UN
PDR02046;POIGNET DE PORTE TGS GAUCHE;UN
PDR02047;POIGNET DE PORTE TGS DROIT;UN
PDR02048;UNITE DE MESURE MAN TGS 400;UN
PDR02048;UNITE DE MESURE MAN TGS 400;UN
PDR02049;POMPE DE FREIN CYLINDRE 1206;UN
PDR02050;BAGUETTE DE SOUDAGE PLOMBE;UN
PDR02051;KIT DE JOINT MOTEUR TRANSLATION;UN
PDR02052;ELECTROVANNE DF040300021;UN
PDR02053;HUILE TEKMA ULTIMA 5W30 208L;UN
PDR02054;MOT TEKMA SUPRA 15W40 EL 208L E7;UN
PDR02055;DEGAGEUR PM;UN
PDR02056;CLE A GRIFFE 2P1/2;UN
PDR02057;CLE A MOLETTE 40MM;UN
PDR02058;COUVRE VOLANT VOITURE;UN
PDR02059;SUPRESSEUR 3KW;UN
PDR02060;POMPE IMMERGE 5.5CV;UN
PDR02061;PLAQUETTE FREIN AV DACIA;UN
PDR02062;JOINT PLAT STD DIA 11/4 POMPE EAU;UN
PDR02063;REDUCTION 241 1P1/2X11/4 POMPE EAU;UN
PDR02064;BRIDE ACIER STD PN16 40 POMPE EAU;UN
PDR02065;MANCHON ANTIVIBRATION 1P1/4 POMPE EAU;UN
PDR02066;SILENT BLOCK MAL MAL 40X30X10;UN
PDR02067;SILENT BLOCK MAL MAL 50X30X10;UN
PDR02068;COMPARATEUR A CARDON 0-10MM;UN
PDR02068;COMPARATEUR A CARDON 0-10MM;UN
PDR02069;RACCORD UNION EGALE UA HP 12L;UN
PDR02070;RACCORD UNION EGALE UA HP 12L RACCORD EN T MMM HP 3/8;UN
PDR02071;MAMELON HYDRAULIQUE HP 3/8;UN
PDR02072;FERRULE DE SERTISSAGE HYDRAULIQUE 04;UN
PDR02073;FERRULE DE SERTISSAGE HYDRAULIQUE 09;UN
PDR02074;MAMELON HYDRAULIQUE HP 1/4;UN
PDR02075;JOINT POUR RACCORD HYDRAULIQUE METALLIQUE 1' 1/4';UN
PDR02076;JOINT POUR RACCORD HYDRAULIQUE METALLIQUE 1';UN
PDR02077;EMBOUT HYDRAULIQUE FEMELLE METRIQUE RO 90° 05-10-16 A;UN
PDR02078;EMBOUT HYDRAULIQUE FEMELLE METRIQUE RO 90° 06-15-22 A;UN
PDR02079;EMBOUT HYDRAULIQUE ORFS 06X06;UN
PDR02080;EMBOUT HYDRAULIQUE ORFS 08X08;UN
PDR02081;EMBOUT HYDRAULIQUE ORFS 90° 06X06;UN
PDR02082;EMBOUT HYDRAULIQUE ORFS 90° 08X08;UN
PDR02083;EMBOUT HYDRAULIQUE FEMELLE METRIQUE RO 08-16-24 A;UN
PDR02084;EMBOUT HYDRAULIQUE BSP FEMELLE NU 12X12;UN
PDR02085;EMBOUT HYDRAULIQUE BSP FEMELLE NU 90° 12X12;UN
PDR02086;BAGUE HYDRAULIQUE HP R1-R2 3/4;UN
PDR02087;RACCORD UNION EGALE UA HP 10L;UN
PDR02088;THERMOSTAT MAN 79;UN
PDR02089;THERMOSTAT MAN 83;UN
PDR02090;CAPTEUR DE ROUE DROIT;UN
PDR02091;DETECTEUR DE TEMPERATURE D ECHAPPEMENT;UN
PDR02092;RADIATEUR D EAU MERCEDES;UN
PDR02093;PISTON D'ALIMENTATION SCHWING DIA 250;UN
PDR02094;PNEU 315/80R22.5 G15 HUBTRAC;UN
PDR02095;PNEU 315/80R22.5 KMS KELLY;UN
PDR02096;PAPIER JOINT;UN
PDR02097;FEU AR LED DYN;UN
PDR02098;POMPE LAVAGE;UN
PDR02099;MANETTE CHARIOT LINDE 360° LIN7919040042;UN
PDR02100;MANETTE CHARIOT LINDE LIN 7919040015;UN
PDR02101;MANETTE CHARIOT LINDE LIN 0009732962;UN
PDR02102;MANETTE CHARIOT LINDE LIN 0009732949;UN
PDR02103;POTENTIOMETRE CHARIOT LINDE LIN 7916400159;UN
PDR02104;CONTACT DEMARRAGE CHARIOT LINDE LIN 7915492632;UN
PDR02105;FILTRE HYDRAULIQUE CHARIOT LINDE LIN 0009831663;UN
PDR02106;PIGNON DE POTENTIOMETRE CHARIOT LINDE LIN 3505274700;UN
PDR02107;CAPTEUR DE VITESSE CHARIOT LINDE LIN 0009785008;UN
PDR02108;POMPE EMBRAYAGE ISUZU DMAX;UN
PDR02109;FERAILLEUR UAC 50 6M;UN
PDR02110;TUBE CARRE 60X60X1.7;UN
PDR02111;TUBE RECTAGULAIRE 70X40X1.6;UN
PDR02112;FEU ARRIERE ISUZU DMAX DROITE;UN
PDR02113;FEU ARRIERE ISUZU DMAX GAUCHE;UN
PDR02114;MANO TEMPERATEUR POMPE A BETON 70°;UN
PDR02115;VANNE SOUS SILO 300;UN
PDR02116;BOUCHON DE RESERVOIR GASOIL DOOSAN;UN
PDR02117;CONTACTEUR LC1D09M7;UN
PDR02118;SILICONE SIKA ANCHORFIX-2;UN
PDR02119;CHEVILLE METALIQUE 16X145;UN
PDR02120;BUSE DE FLUIDIFICATION SILO 1POUCE;UN
PDR02121;INJECTEUR;UN
PDR02122;APPAREIL COMBINE;UN
PDR02123;APPAREIL DE COMMANDE;UN
PDR02124;CARTER DE FILTRE CHAUFFAGE;UN
PDR02125;FILTRE A  CHASSIS CARTOUCHE;UN
PDR02126;DETECTEUR DE NIVEAU SILO ILTC0;UN
PDR02127;DETECTEUR DE NIVEAU SILO ILTDO;UN
PDR02128;CAPTEUR IND E2B-M30KS-M1-C1 OMRON;UN
PDR02129;DETECTEUR IND E2A-M30KN20-M1-C1 OMRON;UN
PDR02130;CAPTEUR IND E2B-M12KS04-M1-B1 OMRON;UN
PDR02131;CAPTEUR IND E2B-M12LS04-M1-B1 OMRON;UN
PDR02132;CAPTEUR IND E2A-M18KS08-M1-C1 OMRON;UN
PDR02133;CAPTEUR IND E2A-M18KN16-M1-C1 OMRON;UN
PDR02134;VANNE A BILLE 40 PEHD;UN
PDR02135;CHAUFFE-EAU ELECTRIQUE 50L;UN
PDR02136;DISQUE DE FREIN AVANT DACIA;UN
PDR02137;Colle à Chaud;UN
PDR02138;KIT EMBRAYAGE ISUZU D300;UN
PDR02139;BOUCHON CARTER A HUILE;UN
PDR02140;TAMBOUR DE FREIN MAN AV TGA TRACTEUR 8X4;UN
PDR02141;LAME 3 AR MAN TGA/TGS TRACTEUR PB;UN
PDR02142;LAME 4 AR MAN TGA/TGS TRACTEUR PB;UN
PDR02143;POMPE A ENGRENAGE 35-110 ISO;UN
PDR02144;POMPE A PISTON A AXE D'INCLINAISON 80 LT;UN
PDR02145;CAPTEUR ABS MAN AV;UN
PDR02146;FILTRE A AIR MERCEDES ACTROS NM;UN
PDR02147;COURROIE 1125X10;UN
PDR02148;REGULATEUR ALTERNATEUR ARE0003;UN
PDR02149;DESSICCATEUR COMPLET;UN
PDR02150;BUTEE D EMBRAYAGE MAN TGS 480;UN
PDR02151;FERAILLEUR UAC 40 6M;UN
PDR02152;COURROIE TRAPEZOIDALE B116;UN
PDR02153;DISQUE ABRASSIF 180X6.4;UN
PDR02154;ARRET D HUILE 25X48X8 EN VITON;UN
PDR02155;PNEU 13/80R22.5 FRANWAY DHI58;UN
PDR02156;PALIER UCP205;UN
PDR02157;PNEU 315/80R22.5 GL665 ADVANCE;UN
PDR02158;FILTRE HYDRAULIQUE 1262081 CAT;UN
PDR02159;FILTRE A AIR 4798989 CAT;UN
PDR02160;FILTRE SEPARATEUR A GASOIL 5234987 CAT;UN
PDR02161;FILTRE A GASOIL 5095694 CAT;UN
PDR02162;PORT DENT 6I6464;UN
PDR02162;PORT DENT 6I6464;UN
PDR02163;DEMAREUR DX420;UN
PDR02164;MODULE DE FILTRE CHASSIS MAN TGS 400;UN
PDR02165;ARRET D HUILE BOITE A VITESSE 105X125X12/16 MAN TGS 400;UN
PDR02166;DEMMAREUR  MAN TGS 400;UN
PDR02167;ROULEMENT 51212;UN
PDR02168;ARRET D HUILE 35X52X6/6.5 VITON;UN
PDR02169;ARRET D HUILE 48X68X7;UN
PDR02170;JOINT TORIQUE 2X95;UN
PDR02171;CHARBON DEMAREUR JASX7475;UN
PDR02172;BOUGIE PRECHAUFFAGE;UN
PDR02173;LATANE DIA 1.5MM;UN
PDR02174;FILTRE A HUILE OX188D;UN
PDR02175;GRAISSEUR DROIT 10X100;UN
PDR02176;MOULEUSE PM 125;UN
PDR02177;VISSEUSE GBH 18-65;UN
PDR02178;TUBE SIKA TOP 107;UN
PDR02179;EMBASE FEM POSTE SOUDEUR 35-50MM;UN
PDR02180;EMBASE FEM POSTE SOUDEUR 50-70MM;UN
PDR02181;CABLE RVK 4X25;M
PDR02182;COSSE A SERTIR 16MM;UN
PDR02183;FUSIBLE 22x58 63A GF;UN
PDR02184;DISJONCTEUR MOTEUR GV2ME03;UN
PDR02185;NUTRE 22X58 4 FIL;UN
PDR02186;PORTE FUSIBLE 18L-125;UN
PDR02187;MOTOREDUCTEUR SORTIE DE PRESSE ALPHA;UN
PDR02187;MOTOREDUCTEUR SORTIE DE PRESSE ALPHA;UN
PDR02188;ROBINET JARDIN 3/4;UN
PDR02189;TETE DE ROBINET 1/2;UN
PDR02190;JOINT ROBINET;UN
PDR02191;FILTRE HYDRAULIQUE BOBCAT BO030360262;UN
PDR02192;FILTRE HYDRAULIQUE BOBCAT BO030360265;UN
PDR02193;FILTRE HYDRAULIQUE BOBCAT BO030360015;UN
PDR02194;TEINTE A HUILE;UN
PDR02195;FLEXIBLE DE FREIN 4X6 MM;UN
PDR02196;MANO DE CARDAN POMPE 36;UN
PDR02197;PISTON CYLINDRE DE FREIN CHARGEUSE;UN
PDR02198;JOINT CYLINDRE DE FREIN CHARGEUSE;UN
PDR02199;CACHE POUSSIERE CYLINDRE DE FREIN CHARGEUSE;UN
PDR02200;TUBE ROND NOI 101X3MM;UN
PDR02201;TUBE ROND NOIR 25X2MM;UN
PDR02202;FER CARRE 30MM;UN
PDR02203;COUDE A SOUDER 42;UN
PDR02204;MOYEU POULIE AMOVIBLE 2012-38;UN
PDR02205;COURROIE 25X7250;UN
PDR02206;ROULEMENT 32208;UN
PDR02207;AFFICHEUR DE TEMPERATEUR HP300;UN
PDR02208;RELAIS DEMMAREUR CATERPILLAR DOOSAN 24V;UN
PDR02209;VALVE AIR;UN
PDR02210;EXTRACTEUR AIR PREFA;UN
PDR02211;POTENTIOMETRE DE VITESSE D22 5K 1T;UN
PDR02212;POTENTIOMETRE DE VITESSE  1TOUR 2K PT012;UN
PDR02213;GRILLAGE MOUSTIQUIRE METALIQUE  ( NON GERER EN STOCK);M2
PDR02214;CHAUFFE-EAU ELECTRIQUE 30L;UN
PDR02215;ARRET D HUILE 100X130X10;UN
PDR02216;ARRET  D HUILE 40X80X10;UN
